,id.exposure,SNP,effect_allele.exposure,other_allele.exposure,eaf.exposure,beta.exposure,se.exposure,pval.exposure,samplesize.exposure,ncase.exposure,ncontrol.exposure,units.exposure,exposure,pval_origin.exposure,data_source.exposure,mr_keep.exposure,id.exposure.1,SNP.1,effect_allele.exposure.1,other_allele.exposure.1,eaf.exposure.1,beta.exposure.1,se.exposure.1,pval.exposure.1,samplesize.exposure.1,ncase.exposure.1,ncontrol.exposure.1,units.exposure.1,exposure.1,pval_origin.exposure.1,data_source.exposure.1,mr_keep.exposure.1
8227,89,rs10037512,T,C,0.525,0.03,0.003,5.80E-24,253288,NA,NA,SD (m),Height || id:89,reported,mrbase,TRUE,89,rs10037512,T,C,0.525,0.03,0.003,5.80E-24,253288,NA,NA,SD (m),Height || id:89,reported,mrbase,TRUE
8228,89,rs10119624,A,G,0.683,0.024,0.0031,3.70E-14,253288,NA,NA,SD (m),Height || id:89,reported,mrbase,TRUE,89,rs10119624,A,G,0.683,0.024,0.0031,3.70E-14,253288,NA,NA,SD (m),Height || id:89,reported,mrbase,TRUE
8229,89,rs10131337,T,C,0.203,0.027,0.0038,2.90E-12,253288,NA,NA,SD (m),Height || id:89,reported,mrbase,TRUE,89,rs10131337,T,C,0.203,0.027,0.0038,2.90E-12,253288,NA,NA,SD (m),Height || id:89,reported,mrbase,TRUE
8230,89,rs10136129,T,C,0.758,0.025,0.0038,2.50E-11,253288,NA,NA,SD (m),Height || id:89,reported,mrbase,TRUE,89,rs10136129,T,C,0.758,0.025,0.0038,2.50E-11,253288,NA,NA,SD (m),Height || id:89,reported,mrbase,TRUE
8231,89,rs10152739,A,T,0.8,-0.022,0.0034,1.30E-10,253288,NA,NA,SD (m),Height || id:89,reported,mrbase,TRUE,89,rs10152739,A,T,0.8,-0.022,0.0034,1.30E-10,253288,NA,NA,SD (m),Height || id:89,reported,mrbase,TRUE
8232,89,rs10236884,A,G,0.442,-0.023,0.0031,8.50E-13,253288,NA,NA,SD (m),Height || id:89,reported,mrbase,TRUE,89,rs10236884,A,G,0.442,-0.023,0.0031,8.50E-13,253288,NA,NA,SD (m),Height || id:89,reported,mrbase,TRUE
8233,89,rs10283100,A,G,0.025,-0.057,0.0085,3.20E-11,253288,NA,NA,SD (m),Height || id:89,reported,mrbase,TRUE,89,rs10283100,A,G,0.025,-0.057,0.0085,3.20E-11,253288,NA,NA,SD (m),Height || id:89,reported,mrbase,TRUE
8234,89,rs1036821,A,G,0.317,-0.037,0.0032,1.10E-30,253288,NA,NA,SD (m),Height || id:89,reported,mrbase,TRUE,89,rs1036821,A,G,0.317,-0.037,0.0032,1.10E-30,253288,NA,NA,SD (m),Height || id:89,reported,mrbase,TRUE
8235,89,rs10445823,T,C,0.842,0.047,0.0049,5.40E-22,253288,NA,NA,SD (m),Height || id:89,reported,mrbase,TRUE,89,rs10445823,T,C,0.842,0.047,0.0049,5.40E-22,253288,NA,NA,SD (m),Height || id:89,reported,mrbase,TRUE
8236,89,rs1047014,T,C,0.725,-0.032,0.0036,1.30E-18,253288,NA,NA,SD (m),Height || id:89,reported,mrbase,TRUE,89,rs1047014,T,C,0.725,-0.032,0.0036,1.30E-18,253288,NA,NA,SD (m),Height || id:89,reported,mrbase,TRUE
8237,89,rs1053051,T,C,0.388,0.019,0.0034,8.70E-09,253288,NA,NA,SD (m),Height || id:89,reported,mrbase,TRUE,89,rs1053051,T,C,0.388,0.019,0.0034,8.70E-09,253288,NA,NA,SD (m),Height || id:89,reported,mrbase,TRUE
8238,89,rs1074078,T,C,0.351,0.018,0.0032,2.80E-08,253288,NA,NA,SD (m),Height || id:89,reported,mrbase,TRUE,89,rs1074078,T,C,0.351,0.018,0.0032,2.80E-08,253288,NA,NA,SD (m),Height || id:89,reported,mrbase,TRUE
8239,89,rs10767838,A,G,0.767,0.025,0.0033,2.60E-14,253288,NA,NA,SD (m),Height || id:89,reported,mrbase,TRUE,89,rs10767838,A,G,0.767,0.025,0.0033,2.60E-14,253288,NA,NA,SD (m),Height || id:89,reported,mrbase,TRUE
8240,89,rs10770705,A,C,0.339,0.03,0.0031,2.30E-21,253288,NA,NA,SD (m),Height || id:89,reported,mrbase,TRUE,89,rs10770705,A,C,0.339,0.03,0.0031,2.30E-21,253288,NA,NA,SD (m),Height || id:89,reported,mrbase,TRUE
8241,89,rs10787959,A,G,0.3,0.027,0.0033,1.90E-16,253288,NA,NA,SD (m),Height || id:89,reported,mrbase,TRUE,89,rs10787959,A,G,0.3,0.027,0.0033,1.90E-16,253288,NA,NA,SD (m),Height || id:89,reported,mrbase,TRUE
8242,89,rs10794175,T,G,0.296,0.02,0.003,6.40E-12,253288,NA,NA,SD (m),Height || id:89,reported,mrbase,TRUE,89,rs10794175,T,G,0.296,0.02,0.003,6.40E-12,253288,NA,NA,SD (m),Height || id:89,reported,mrbase,TRUE
8243,89,rs10843390,T,C,0.237,0.021,0.0032,5.00E-11,253288,NA,NA,SD (m),Height || id:89,reported,mrbase,TRUE,89,rs10843390,T,C,0.237,0.021,0.0032,5.00E-11,253288,NA,NA,SD (m),Height || id:89,reported,mrbase,TRUE
8244,89,rs10846654,A,G,0.725,-0.028,0.0032,2.50E-19,253288,NA,NA,SD (m),Height || id:89,reported,mrbase,TRUE,89,rs10846654,A,G,0.725,-0.028,0.0032,2.50E-19,253288,NA,NA,SD (m),Height || id:89,reported,mrbase,TRUE
8245,89,rs10868439,A,G,0.467,-0.027,0.003,3.00E-19,253288,NA,NA,SD (m),Height || id:89,reported,mrbase,TRUE,89,rs10868439,A,G,0.467,-0.027,0.003,3.00E-19,253288,NA,NA,SD (m),Height || id:89,reported,mrbase,TRUE
8246,89,rs10880969,T,C,0.163,-0.024,0.0033,6.20E-13,253288,NA,NA,SD (m),Height || id:89,reported,mrbase,TRUE,89,rs10880969,T,C,0.163,-0.024,0.0033,6.20E-13,253288,NA,NA,SD (m),Height || id:89,reported,mrbase,TRUE
8247,89,rs10948222,T,C,0.387,-0.031,0.0033,9.80E-21,253288,NA,NA,SD (m),Height || id:89,reported,mrbase,TRUE,89,rs10948222,T,C,0.387,-0.031,0.0033,9.80E-21,253288,NA,NA,SD (m),Height || id:89,reported,mrbase,TRUE
8248,89,rs10995319,T,C,0.733,0.019,0.0034,3.20E-08,253288,NA,NA,SD (m),Height || id:89,reported,mrbase,TRUE,89,rs10995319,T,C,0.733,0.019,0.0034,3.20E-08,253288,NA,NA,SD (m),Height || id:89,reported,mrbase,TRUE
8249,89,rs11049545,A,C,0.342,-0.038,0.0032,2.40E-33,253288,NA,NA,SD (m),Height || id:89,reported,mrbase,TRUE,89,rs11049545,A,C,0.342,-0.038,0.0032,2.40E-33,253288,NA,NA,SD (m),Height || id:89,reported,mrbase,TRUE
8250,89,rs1113765,A,G,0.192,-0.024,0.0038,1.70E-10,253288,NA,NA,SD (m),Height || id:89,reported,mrbase,TRUE,89,rs1113765,A,G,0.192,-0.024,0.0038,1.70E-10,253288,NA,NA,SD (m),Height || id:89,reported,mrbase,TRUE
8251,89,rs11144688,A,G,0.095,-0.063,0.0063,5.70E-24,253288,NA,NA,SD (m),Height || id:89,reported,mrbase,TRUE,89,rs11144688,A,G,0.095,-0.063,0.0063,5.70E-24,253288,NA,NA,SD (m),Height || id:89,reported,mrbase,TRUE
8252,89,rs11152213,A,C,0.717,-0.025,0.0035,6.90E-13,253288,NA,NA,SD (m),Height || id:89,reported,mrbase,TRUE,89,rs11152213,A,C,0.717,-0.025,0.0035,6.90E-13,253288,NA,NA,SD (m),Height || id:89,reported,mrbase,TRUE
8253,89,rs11172372,T,C,0.492,0.019,0.003,7.60E-11,253288,NA,NA,SD (m),Height || id:89,reported,mrbase,TRUE,89,rs11172372,T,C,0.492,0.019,0.003,7.60E-11,253288,NA,NA,SD (m),Height || id:89,reported,mrbase,TRUE
8254,89,rs11172920,A,G,0.409,0.018,0.003,2.00E-09,253288,NA,NA,SD (m),Height || id:89,reported,mrbase,TRUE,89,rs11172920,A,G,0.409,0.018,0.003,2.00E-09,253288,NA,NA,SD (m),Height || id:89,reported,mrbase,TRUE
8255,89,rs11177669,A,G,0.258,0.033,0.0035,4.20E-21,253288,NA,NA,SD (m),Height || id:89,reported,mrbase,TRUE,89,rs11177669,A,G,0.258,0.033,0.0035,4.20E-21,253288,NA,NA,SD (m),Height || id:89,reported,mrbase,TRUE
8256,89,rs11205303,T,C,0.642,-0.053,0.0035,2.20E-50,253288,NA,NA,SD (m),Height || id:89,reported,mrbase,TRUE,89,rs11205303,T,C,0.642,-0.053,0.0035,2.20E-50,253288,NA,NA,SD (m),Height || id:89,reported,mrbase,TRUE
8257,89,rs11221442,C,G,0.217,-0.027,0.0035,2.70E-14,253288,NA,NA,SD (m),Height || id:89,reported,mrbase,TRUE,89,rs11221442,C,G,0.217,-0.027,0.0035,2.70E-14,253288,NA,NA,SD (m),Height || id:89,reported,mrbase,TRUE
8258,89,rs11244772,A,G,0.725,-0.018,0.0032,2.10E-08,253288,NA,NA,SD (m),Height || id:89,reported,mrbase,TRUE,89,rs11244772,A,G,0.725,-0.018,0.0032,2.10E-08,253288,NA,NA,SD (m),Height || id:89,reported,mrbase,TRUE
8259,89,rs1133415,A,G,0.4,-0.019,0.0029,2.90E-10,253288,NA,NA,SD (m),Height || id:89,reported,mrbase,TRUE,89,rs1133415,A,G,0.4,-0.019,0.0029,2.90E-10,253288,NA,NA,SD (m),Height || id:89,reported,mrbase,TRUE
8260,89,rs1155939,A,C,0.433,0.042,0.0029,9.60E-46,253288,NA,NA,SD (m),Height || id:89,reported,mrbase,TRUE,89,rs1155939,A,C,0.433,0.042,0.0029,9.60E-46,253288,NA,NA,SD (m),Height || id:89,reported,mrbase,TRUE
8261,89,rs11611927,A,G,0.8,-0.051,0.0035,2.60E-49,253288,NA,NA,SD (m),Height || id:89,reported,mrbase,TRUE,89,rs11611927,A,G,0.8,-0.051,0.0035,2.60E-49,253288,NA,NA,SD (m),Height || id:89,reported,mrbase,TRUE
8262,89,rs11612228,T,C,0.308,0.02,0.0032,6.50E-10,253288,NA,NA,SD (m),Height || id:89,reported,mrbase,TRUE,89,rs11612228,T,C,0.308,0.02,0.0032,6.50E-10,253288,NA,NA,SD (m),Height || id:89,reported,mrbase,TRUE
8263,89,rs11618507,T,G,0.275,0.023,0.0036,3.40E-10,253288,NA,NA,SD (m),Height || id:89,reported,mrbase,TRUE,89,rs11618507,T,G,0.275,0.023,0.0036,3.40E-10,253288,NA,NA,SD (m),Height || id:89,reported,mrbase,TRUE
8264,89,rs11626496,C,G,0.35,-0.019,0.003,2.80E-10,253288,NA,NA,SD (m),Height || id:89,reported,mrbase,TRUE,89,rs11626496,C,G,0.35,-0.019,0.003,2.80E-10,253288,NA,NA,SD (m),Height || id:89,reported,mrbase,TRUE
8265,89,rs11642612,A,C,0.559,-0.016,0.003,4.20E-08,253288,NA,NA,SD (m),Height || id:89,reported,mrbase,TRUE,89,rs11642612,A,C,0.559,-0.016,0.003,4.20E-08,253288,NA,NA,SD (m),Height || id:89,reported,mrbase,TRUE
8266,89,rs11648796,A,G,0.733,-0.033,0.0038,1.40E-18,253288,NA,NA,SD (m),Height || id:89,reported,mrbase,TRUE,89,rs11648796,A,G,0.733,-0.033,0.0038,1.40E-18,253288,NA,NA,SD (m),Height || id:89,reported,mrbase,TRUE
8267,89,rs11652094,C,G,0.675,0.018,0.0032,9.30E-09,253288,NA,NA,SD (m),Height || id:89,reported,mrbase,TRUE,89,rs11652094,C,G,0.675,0.018,0.0032,9.30E-09,253288,NA,NA,SD (m),Height || id:89,reported,mrbase,TRUE
8268,89,rs11667331,A,G,0.828,-0.024,0.004,1.30E-09,253288,NA,NA,SD (m),Height || id:89,reported,mrbase,TRUE,89,rs11667331,A,G,0.828,-0.024,0.004,1.30E-09,253288,NA,NA,SD (m),Height || id:89,reported,mrbase,TRUE
8269,89,rs11684404,T,C,0.7,-0.032,0.0031,9.00E-25,253288,NA,NA,SD (m),Height || id:89,reported,mrbase,TRUE,89,rs11684404,T,C,0.7,-0.032,0.0031,9.00E-25,253288,NA,NA,SD (m),Height || id:89,reported,mrbase,TRUE
8270,89,rs1171615,T,C,0.833,-0.022,0.0038,5.80E-09,253288,NA,NA,SD (m),Height || id:89,reported,mrbase,TRUE,89,rs1171615,T,C,0.833,-0.022,0.0038,5.80E-09,253288,NA,NA,SD (m),Height || id:89,reported,mrbase,TRUE
8271,89,rs11722554,A,G,0.042,-0.063,0.0098,1.50E-10,253288,NA,NA,SD (m),Height || id:89,reported,mrbase,TRUE,89,rs11722554,A,G,0.042,-0.063,0.0098,1.50E-10,253288,NA,NA,SD (m),Height || id:89,reported,mrbase,TRUE
8272,89,rs11735005,T,G,0.467,0.017,0.003,4.30E-09,253288,NA,NA,SD (m),Height || id:89,reported,mrbase,TRUE,89,rs11735005,T,G,0.467,0.017,0.003,4.30E-09,253288,NA,NA,SD (m),Height || id:89,reported,mrbase,TRUE
8273,89,rs11799609,T,G,0.142,0.026,0.0042,1.10E-09,253288,NA,NA,SD (m),Height || id:89,reported,mrbase,TRUE,89,rs11799609,T,G,0.142,0.026,0.0042,1.10E-09,253288,NA,NA,SD (m),Height || id:89,reported,mrbase,TRUE
8274,89,rs11855014,A,G,0.246,-0.022,0.0034,9.20E-11,253288,NA,NA,SD (m),Height || id:89,reported,mrbase,TRUE,89,rs11855014,A,G,0.246,-0.022,0.0034,9.20E-11,253288,NA,NA,SD (m),Height || id:89,reported,mrbase,TRUE
8275,89,rs11880124,A,G,0.933,0.041,0.0054,2.20E-14,253288,NA,NA,SD (m),Height || id:89,reported,mrbase,TRUE,89,rs11880124,A,G,0.933,0.041,0.0054,2.20E-14,253288,NA,NA,SD (m),Height || id:89,reported,mrbase,TRUE
8276,89,rs11880992,A,G,0.375,0.033,0.003,6.90E-28,253288,NA,NA,SD (m),Height || id:89,reported,mrbase,TRUE,89,rs11880992,A,G,0.375,0.033,0.003,6.90E-28,253288,NA,NA,SD (m),Height || id:89,reported,mrbase,TRUE
8277,89,rs1190545,C,G,0.7,0.025,0.0033,4.10E-14,253288,NA,NA,SD (m),Height || id:89,reported,mrbase,TRUE,89,rs1190545,C,G,0.7,0.025,0.0033,4.10E-14,253288,NA,NA,SD (m),Height || id:89,reported,mrbase,TRUE
8278,89,rs11950193,A,C,0.042,0.062,0.0098,2.30E-10,253288,NA,NA,SD (m),Height || id:89,reported,mrbase,TRUE,89,rs11950193,A,C,0.042,0.062,0.0098,2.30E-10,253288,NA,NA,SD (m),Height || id:89,reported,mrbase,TRUE
8279,89,rs1199734,T,G,0.167,-0.022,0.0039,1.60E-08,253288,NA,NA,SD (m),Height || id:89,reported,mrbase,TRUE,89,rs1199734,T,G,0.167,-0.022,0.0039,1.60E-08,253288,NA,NA,SD (m),Height || id:89,reported,mrbase,TRUE
8280,89,rs12065210,T,C,0.108,0.036,0.005,6.40E-13,253288,NA,NA,SD (m),Height || id:89,reported,mrbase,TRUE,89,rs12065210,T,C,0.108,0.036,0.005,6.40E-13,253288,NA,NA,SD (m),Height || id:89,reported,mrbase,TRUE
8281,89,rs12097239,A,G,0.288,-0.033,0.0034,1.20E-22,253288,NA,NA,SD (m),Height || id:89,reported,mrbase,TRUE,89,rs12097239,A,G,0.288,-0.033,0.0034,1.20E-22,253288,NA,NA,SD (m),Height || id:89,reported,mrbase,TRUE
8282,89,rs12214804,T,C,0.925,-0.084,0.0057,1.50E-49,253288,NA,NA,SD (m),Height || id:89,reported,mrbase,TRUE,89,rs12214804,T,C,0.925,-0.084,0.0057,1.50E-49,253288,NA,NA,SD (m),Height || id:89,reported,mrbase,TRUE
8283,89,rs12330322,T,C,0.225,-0.034,0.0035,3.30E-22,253288,NA,NA,SD (m),Height || id:89,reported,mrbase,TRUE,89,rs12330322,T,C,0.225,-0.034,0.0035,3.30E-22,253288,NA,NA,SD (m),Height || id:89,reported,mrbase,TRUE
8284,89,rs12426318,A,C,0.125,-0.025,0.0044,3.20E-08,253288,NA,NA,SD (m),Height || id:89,reported,mrbase,TRUE,89,rs12426318,A,C,0.125,-0.025,0.0044,3.20E-08,253288,NA,NA,SD (m),Height || id:89,reported,mrbase,TRUE
8285,89,rs12427384,A,G,0.653,0.039,0.0038,3.40E-25,253288,NA,NA,SD (m),Height || id:89,reported,mrbase,TRUE,89,rs12427384,A,G,0.653,0.039,0.0038,3.40E-25,253288,NA,NA,SD (m),Height || id:89,reported,mrbase,TRUE
8286,89,rs12435366,T,C,0.254,-0.023,0.0035,4.90E-11,253288,NA,NA,SD (m),Height || id:89,reported,mrbase,TRUE,89,rs12435366,T,C,0.254,-0.023,0.0035,4.90E-11,253288,NA,NA,SD (m),Height || id:89,reported,mrbase,TRUE
8287,89,rs1244981,A,G,0.817,0.025,0.0041,1.20E-09,253288,NA,NA,SD (m),Height || id:89,reported,mrbase,TRUE,89,rs1244981,A,G,0.817,0.025,0.0041,1.20E-09,253288,NA,NA,SD (m),Height || id:89,reported,mrbase,TRUE
8288,89,rs12513181,A,C,0.728,-0.02,0.0033,3.20E-09,253288,NA,NA,SD (m),Height || id:89,reported,mrbase,TRUE,89,rs12513181,A,C,0.728,-0.02,0.0033,3.20E-09,253288,NA,NA,SD (m),Height || id:89,reported,mrbase,TRUE
8289,89,rs12538407,A,G,0.617,0.032,0.003,3.50E-26,253288,NA,NA,SD (m),Height || id:89,reported,mrbase,TRUE,89,rs12538407,A,G,0.617,0.032,0.003,3.50E-26,253288,NA,NA,SD (m),Height || id:89,reported,mrbase,TRUE
8290,89,rs12639764,T,C,0.543,0.027,0.003,1.60E-19,253288,NA,NA,SD (m),Height || id:89,reported,mrbase,TRUE,89,rs12639764,T,C,0.543,0.027,0.003,1.60E-19,253288,NA,NA,SD (m),Height || id:89,reported,mrbase,TRUE
8291,89,rs12693589,T,C,0.754,-0.022,0.0034,9.10E-11,253288,NA,NA,SD (m),Height || id:89,reported,mrbase,TRUE,89,rs12693589,T,C,0.754,-0.022,0.0034,9.10E-11,253288,NA,NA,SD (m),Height || id:89,reported,mrbase,TRUE
8292,89,rs12694443,T,G,0.429,-0.026,0.003,3.20E-18,253288,NA,NA,SD (m),Height || id:89,reported,mrbase,TRUE,89,rs12694443,T,G,0.429,-0.026,0.003,3.20E-18,253288,NA,NA,SD (m),Height || id:89,reported,mrbase,TRUE
8293,89,rs12779328,T,C,0.35,-0.028,0.0033,1.70E-17,253288,NA,NA,SD (m),Height || id:89,reported,mrbase,TRUE,89,rs12779328,T,C,0.35,-0.028,0.0033,1.70E-17,253288,NA,NA,SD (m),Height || id:89,reported,mrbase,TRUE
8294,89,rs12882130,C,G,0.568,0.025,0.0032,4.70E-15,253288,NA,NA,SD (m),Height || id:89,reported,mrbase,TRUE,89,rs12882130,C,G,0.568,0.025,0.0032,4.70E-15,253288,NA,NA,SD (m),Height || id:89,reported,mrbase,TRUE
8295,89,rs12908753,A,G,0.283,0.038,0.0036,5.70E-26,253288,NA,NA,SD (m),Height || id:89,reported,mrbase,TRUE,89,rs12908753,A,G,0.283,0.038,0.0036,5.70E-26,253288,NA,NA,SD (m),Height || id:89,reported,mrbase,TRUE
8296,89,rs12986437,A,C,0.822,-0.022,0.0035,2.30E-10,253288,NA,NA,SD (m),Height || id:89,reported,mrbase,TRUE,89,rs12986437,A,C,0.822,-0.022,0.0035,2.30E-10,253288,NA,NA,SD (m),Height || id:89,reported,mrbase,TRUE
8297,89,rs12987566,T,C,0.225,0.024,0.0033,1.20E-12,253288,NA,NA,SD (m),Height || id:89,reported,mrbase,TRUE,89,rs12987566,T,C,0.225,0.024,0.0033,1.20E-12,253288,NA,NA,SD (m),Height || id:89,reported,mrbase,TRUE
8298,89,rs13014679,A,C,0.925,0.04,0.0071,2.50E-08,253288,NA,NA,SD (m),Height || id:89,reported,mrbase,TRUE,89,rs13014679,A,C,0.925,0.04,0.0071,2.50E-08,253288,NA,NA,SD (m),Height || id:89,reported,mrbase,TRUE
8299,89,rs13030174,A,C,0.733,0.023,0.0034,3.10E-11,253288,NA,NA,SD (m),Height || id:89,reported,mrbase,TRUE,89,rs13030174,A,C,0.733,0.023,0.0034,3.10E-11,253288,NA,NA,SD (m),Height || id:89,reported,mrbase,TRUE
8300,89,rs13078528,A,G,0.942,0.045,0.0064,1.40E-12,253288,NA,NA,SD (m),Height || id:89,reported,mrbase,TRUE,89,rs13078528,A,G,0.942,0.045,0.0064,1.40E-12,253288,NA,NA,SD (m),Height || id:89,reported,mrbase,TRUE
8301,89,rs13084192,A,T,0.592,0.023,0.0031,1.40E-13,253288,NA,NA,SD (m),Height || id:89,reported,mrbase,TRUE,89,rs13084192,A,T,0.592,0.023,0.0031,1.40E-13,253288,NA,NA,SD (m),Height || id:89,reported,mrbase,TRUE
8302,89,rs13150868,T,G,0.527,0.017,0.003,2.20E-08,253288,NA,NA,SD (m),Height || id:89,reported,mrbase,TRUE,89,rs13150868,T,G,0.527,0.017,0.003,2.20E-08,253288,NA,NA,SD (m),Height || id:89,reported,mrbase,TRUE
8303,89,rs13152352,A,C,0.161,-0.074,0.0041,6.70E-72,253288,NA,NA,SD (m),Height || id:89,reported,mrbase,TRUE,89,rs13152352,A,C,0.161,-0.074,0.0041,6.70E-72,253288,NA,NA,SD (m),Height || id:89,reported,mrbase,TRUE
8304,89,rs13155659,T,C,0.289,0.03,0.0031,6.40E-22,253288,NA,NA,SD (m),Height || id:89,reported,mrbase,TRUE,89,rs13155659,T,C,0.289,0.03,0.0031,6.40E-22,253288,NA,NA,SD (m),Height || id:89,reported,mrbase,TRUE
8305,89,rs13185815,T,G,0.915,0.041,0.0056,2.70E-13,253288,NA,NA,SD (m),Height || id:89,reported,mrbase,TRUE,89,rs13185815,T,G,0.915,0.041,0.0056,2.70E-13,253288,NA,NA,SD (m),Height || id:89,reported,mrbase,TRUE
8306,89,rs1320135,T,C,0.458,0.019,0.003,4.10E-10,253288,NA,NA,SD (m),Height || id:89,reported,mrbase,TRUE,89,rs1320135,T,C,0.458,0.019,0.003,4.10E-10,253288,NA,NA,SD (m),Height || id:89,reported,mrbase,TRUE
8307,89,rs13210323,A,C,0.725,0.037,0.0034,1.10E-27,253288,NA,NA,SD (m),Height || id:89,reported,mrbase,TRUE,89,rs13210323,A,C,0.725,0.037,0.0034,1.10E-27,253288,NA,NA,SD (m),Height || id:89,reported,mrbase,TRUE
8308,89,rs1325596,A,G,0.508,0.025,0.0029,9.70E-18,253288,NA,NA,SD (m),Height || id:89,reported,mrbase,TRUE,89,rs1325596,A,G,0.508,0.025,0.0029,9.70E-18,253288,NA,NA,SD (m),Height || id:89,reported,mrbase,TRUE
8309,89,rs13276054,C,G,0.658,-0.024,0.0033,5.10E-13,253288,NA,NA,SD (m),Height || id:89,reported,mrbase,TRUE,89,rs13276054,C,G,0.658,-0.024,0.0033,5.10E-13,253288,NA,NA,SD (m),Height || id:89,reported,mrbase,TRUE
8310,89,rs13302191,A,T,0.242,-0.025,0.0033,1.40E-14,253288,NA,NA,SD (m),Height || id:89,reported,mrbase,TRUE,89,rs13302191,A,T,0.242,-0.025,0.0033,1.40E-14,253288,NA,NA,SD (m),Height || id:89,reported,mrbase,TRUE
8311,89,rs13306455,T,C,0.17,0.031,0.0039,2.10E-15,253288,NA,NA,SD (m),Height || id:89,reported,mrbase,TRUE,89,rs13306455,T,C,0.17,0.031,0.0039,2.10E-15,253288,NA,NA,SD (m),Height || id:89,reported,mrbase,TRUE
8312,89,rs13388725,A,G,0.617,-0.018,0.003,2.00E-09,253288,NA,NA,SD (m),Height || id:89,reported,mrbase,TRUE,89,rs13388725,A,G,0.617,-0.018,0.003,2.00E-09,253288,NA,NA,SD (m),Height || id:89,reported,mrbase,TRUE
8313,89,rs1345128,C,G,0.7,0.022,0.0033,5.20E-11,253288,NA,NA,SD (m),Height || id:89,reported,mrbase,TRUE,89,rs1345128,C,G,0.7,0.022,0.0033,5.20E-11,253288,NA,NA,SD (m),Height || id:89,reported,mrbase,TRUE
8314,89,rs1370878,A,G,0.508,-0.019,0.0029,3.60E-10,253288,NA,NA,SD (m),Height || id:89,reported,mrbase,TRUE,89,rs1370878,A,G,0.508,-0.019,0.0029,3.60E-10,253288,NA,NA,SD (m),Height || id:89,reported,mrbase,TRUE
8315,89,rs1393786,A,C,0.192,-0.027,0.0033,1.00E-15,253288,NA,NA,SD (m),Height || id:89,reported,mrbase,TRUE,89,rs1393786,A,C,0.192,-0.027,0.0033,1.00E-15,253288,NA,NA,SD (m),Height || id:89,reported,mrbase,TRUE
8316,89,rs1401796,A,C,0.475,-0.031,0.003,2.30E-24,253288,NA,NA,SD (m),Height || id:89,reported,mrbase,TRUE,89,rs1401796,A,C,0.475,-0.031,0.003,2.30E-24,253288,NA,NA,SD (m),Height || id:89,reported,mrbase,TRUE
8317,89,rs1415701,A,G,0.25,-0.044,0.0036,1.50E-34,253288,NA,NA,SD (m),Height || id:89,reported,mrbase,TRUE,89,rs1415701,A,G,0.25,-0.044,0.0036,1.50E-34,253288,NA,NA,SD (m),Height || id:89,reported,mrbase,TRUE
8318,89,rs143384,A,G,0.6,-0.075,0.0032,1.10E-121,253288,NA,NA,SD (m),Height || id:89,reported,mrbase,TRUE,89,rs143384,A,G,0.6,-0.075,0.0032,1.10E-121,253288,NA,NA,SD (m),Height || id:89,reported,mrbase,TRUE
8319,89,rs153750,T,G,0.325,-0.031,0.0031,1.20E-23,253288,NA,NA,SD (m),Height || id:89,reported,mrbase,TRUE,89,rs153750,T,G,0.325,-0.031,0.0031,1.20E-23,253288,NA,NA,SD (m),Height || id:89,reported,mrbase,TRUE
8320,89,rs1545552,A,G,0.297,-0.029,0.0034,5.40E-18,253288,NA,NA,SD (m),Height || id:89,reported,mrbase,TRUE,89,rs1545552,A,G,0.297,-0.029,0.0034,5.40E-18,253288,NA,NA,SD (m),Height || id:89,reported,mrbase,TRUE
8321,89,rs1552173,T,C,0.542,-0.018,0.0029,7.90E-10,253288,NA,NA,SD (m),Height || id:89,reported,mrbase,TRUE,89,rs1552173,T,C,0.542,-0.018,0.0029,7.90E-10,253288,NA,NA,SD (m),Height || id:89,reported,mrbase,TRUE
8322,89,rs1562975,A,G,0.297,0.025,0.0032,5.50E-15,253288,NA,NA,SD (m),Height || id:89,reported,mrbase,TRUE,89,rs1562975,A,G,0.297,0.025,0.0032,5.50E-15,253288,NA,NA,SD (m),Height || id:89,reported,mrbase,TRUE
8323,89,rs1576900,A,G,0.28,-0.019,0.0033,6.60E-09,253288,NA,NA,SD (m),Height || id:89,reported,mrbase,TRUE,89,rs1576900,A,G,0.28,-0.019,0.0033,6.60E-09,253288,NA,NA,SD (m),Height || id:89,reported,mrbase,TRUE
8324,89,rs1599473,T,G,0.15,-0.027,0.0034,1.00E-14,253288,NA,NA,SD (m),Height || id:89,reported,mrbase,TRUE,89,rs1599473,T,G,0.15,-0.027,0.0034,1.00E-14,253288,NA,NA,SD (m),Height || id:89,reported,mrbase,TRUE
8325,89,rs1614303,T,G,0.867,0.022,0.0038,5.70E-09,253288,NA,NA,SD (m),Height || id:89,reported,mrbase,TRUE,89,rs1614303,T,G,0.867,0.022,0.0038,5.70E-09,253288,NA,NA,SD (m),Height || id:89,reported,mrbase,TRUE
8326,89,rs165189,A,G,0.88,-0.029,0.0046,1.60E-10,253288,NA,NA,SD (m),Height || id:89,reported,mrbase,TRUE,89,rs165189,A,G,0.88,-0.029,0.0046,1.60E-10,253288,NA,NA,SD (m),Height || id:89,reported,mrbase,TRUE
8327,89,rs1659127,A,G,0.3,0.03,0.0033,2.80E-19,253288,NA,NA,SD (m),Height || id:89,reported,mrbase,TRUE,89,rs1659127,A,G,0.3,0.03,0.0033,2.80E-19,253288,NA,NA,SD (m),Height || id:89,reported,mrbase,TRUE
8328,89,rs1681630,T,C,0.242,0.029,0.0031,2.40E-20,253288,NA,NA,SD (m),Height || id:89,reported,mrbase,TRUE,89,rs1681630,T,C,0.242,0.029,0.0031,2.40E-20,253288,NA,NA,SD (m),Height || id:89,reported,mrbase,TRUE
8329,89,rs16865791,A,C,0.033,0.04,0.0057,1.60E-12,253288,NA,NA,SD (m),Height || id:89,reported,mrbase,TRUE,89,rs16865791,A,C,0.033,0.04,0.0057,1.60E-12,253288,NA,NA,SD (m),Height || id:89,reported,mrbase,TRUE
8330,89,rs16876334,T,C,0.033,-0.038,0.0068,2.10E-08,253288,NA,NA,SD (m),Height || id:89,reported,mrbase,TRUE,89,rs16876334,T,C,0.033,-0.038,0.0068,2.10E-08,253288,NA,NA,SD (m),Height || id:89,reported,mrbase,TRUE
8331,89,rs16942383,A,C,0.042,-0.12,0.0089,7.60E-41,253288,NA,NA,SD (m),Height || id:89,reported,mrbase,TRUE,89,rs16942383,A,C,0.042,-0.12,0.0089,7.60E-41,253288,NA,NA,SD (m),Height || id:89,reported,mrbase,TRUE
8332,89,rs16964211,A,G,0.042,-0.057,0.0071,1.20E-15,253288,NA,NA,SD (m),Height || id:89,reported,mrbase,TRUE,89,rs16964211,A,G,0.042,-0.057,0.0071,1.20E-15,253288,NA,NA,SD (m),Height || id:89,reported,mrbase,TRUE
8333,89,rs16967866,T,G,0.95,0.038,0.0066,6.50E-09,253288,NA,NA,SD (m),Height || id:89,reported,mrbase,TRUE,89,rs16967866,T,G,0.95,0.038,0.0066,6.50E-09,253288,NA,NA,SD (m),Height || id:89,reported,mrbase,TRUE
8334,89,rs16994718,T,C,0.092,-0.025,0.0041,1.50E-09,253288,NA,NA,SD (m),Height || id:89,reported,mrbase,TRUE,89,rs16994718,T,C,0.092,-0.025,0.0041,1.50E-09,253288,NA,NA,SD (m),Height || id:89,reported,mrbase,TRUE
8335,89,rs17052031,A,T,0.833,0.031,0.0047,4.20E-11,253288,NA,NA,SD (m),Height || id:89,reported,mrbase,TRUE,89,rs17052031,A,T,0.833,0.031,0.0047,4.20E-11,253288,NA,NA,SD (m),Height || id:89,reported,mrbase,TRUE
8336,89,rs17088190,T,C,0.212,-0.028,0.0034,9.80E-17,253288,NA,NA,SD (m),Height || id:89,reported,mrbase,TRUE,89,rs17088190,T,C,0.212,-0.028,0.0034,9.80E-17,253288,NA,NA,SD (m),Height || id:89,reported,mrbase,TRUE
8337,89,rs17118431,A,G,0.907,-0.047,0.0058,1.10E-15,253288,NA,NA,SD (m),Height || id:89,reported,mrbase,TRUE,89,rs17118431,A,G,0.907,-0.047,0.0058,1.10E-15,253288,NA,NA,SD (m),Height || id:89,reported,mrbase,TRUE
8338,89,rs17192551,A,G,0.225,-0.023,0.0041,2.80E-08,253288,NA,NA,SD (m),Height || id:89,reported,mrbase,TRUE,89,rs17192551,A,G,0.225,-0.023,0.0041,2.80E-08,253288,NA,NA,SD (m),Height || id:89,reported,mrbase,TRUE
8339,89,rs17197086,T,C,0.117,0.035,0.0048,3.40E-13,253288,NA,NA,SD (m),Height || id:89,reported,mrbase,TRUE,89,rs17197086,T,C,0.117,0.035,0.0048,3.40E-13,253288,NA,NA,SD (m),Height || id:89,reported,mrbase,TRUE
8340,89,rs17257113,A,G,0.217,0.027,0.0038,3.80E-12,253288,NA,NA,SD (m),Height || id:89,reported,mrbase,TRUE,89,rs17257113,A,G,0.217,0.027,0.0038,3.80E-12,253288,NA,NA,SD (m),Height || id:89,reported,mrbase,TRUE
8341,89,rs17277008,T,C,0.75,-0.039,0.0032,4.10E-34,253288,NA,NA,SD (m),Height || id:89,reported,mrbase,TRUE,89,rs17277008,T,C,0.75,-0.039,0.0032,4.10E-34,253288,NA,NA,SD (m),Height || id:89,reported,mrbase,TRUE
8342,89,rs17369123,T,C,0.233,0.031,0.0038,1.40E-16,253288,NA,NA,SD (m),Height || id:89,reported,mrbase,TRUE,89,rs17369123,T,C,0.233,0.031,0.0038,1.40E-16,253288,NA,NA,SD (m),Height || id:89,reported,mrbase,TRUE
8343,89,rs17391694,T,C,0.136,0.043,0.0053,3.90E-16,253288,NA,NA,SD (m),Height || id:89,reported,mrbase,TRUE,89,rs17391694,T,C,0.136,0.043,0.0053,3.90E-16,253288,NA,NA,SD (m),Height || id:89,reported,mrbase,TRUE
8344,89,rs17409588,T,C,0.7,-0.019,0.0033,5.40E-09,253288,NA,NA,SD (m),Height || id:89,reported,mrbase,TRUE,89,rs17409588,T,C,0.7,-0.019,0.0033,5.40E-09,253288,NA,NA,SD (m),Height || id:89,reported,mrbase,TRUE
8345,89,rs17416284,A,T,0.675,0.022,0.0031,2.90E-12,253288,NA,NA,SD (m),Height || id:89,reported,mrbase,TRUE,89,rs17416284,A,T,0.675,0.022,0.0031,2.90E-12,253288,NA,NA,SD (m),Height || id:89,reported,mrbase,TRUE
8346,89,rs1742829,A,T,0.931,-0.037,0.0055,2.30E-11,253288,NA,NA,SD (m),Height || id:89,reported,mrbase,TRUE,89,rs1742829,A,T,0.931,-0.037,0.0055,2.30E-11,253288,NA,NA,SD (m),Height || id:89,reported,mrbase,TRUE
8347,89,rs17473243,A,G,0.325,0.023,0.0031,9.40E-14,253288,NA,NA,SD (m),Height || id:89,reported,mrbase,TRUE,89,rs17473243,A,G,0.325,0.023,0.0031,9.40E-14,253288,NA,NA,SD (m),Height || id:89,reported,mrbase,TRUE
8348,89,rs1749824,A,C,0.483,-0.023,0.003,1.50E-14,253288,NA,NA,SD (m),Height || id:89,reported,mrbase,TRUE,89,rs1749824,A,C,0.483,-0.023,0.003,1.50E-14,253288,NA,NA,SD (m),Height || id:89,reported,mrbase,TRUE
8349,89,rs17511102,A,T,0.949,-0.053,0.0057,9.10E-21,253288,NA,NA,SD (m),Height || id:89,reported,mrbase,TRUE,89,rs17511102,A,T,0.949,-0.053,0.0057,9.10E-21,253288,NA,NA,SD (m),Height || id:89,reported,mrbase,TRUE
8350,89,rs1752388,A,C,0.883,0.03,0.0046,7.40E-11,253288,NA,NA,SD (m),Height || id:89,reported,mrbase,TRUE,89,rs1752388,A,C,0.883,0.03,0.0046,7.40E-11,253288,NA,NA,SD (m),Height || id:89,reported,mrbase,TRUE
8351,89,rs17556750,A,C,0.275,0.046,0.0032,8.30E-48,253288,NA,NA,SD (m),Height || id:89,reported,mrbase,TRUE,89,rs17556750,A,C,0.275,0.046,0.0032,8.30E-48,253288,NA,NA,SD (m),Height || id:89,reported,mrbase,TRUE
8352,89,rs17806888,T,C,0.908,0.034,0.0048,2.90E-12,253288,NA,NA,SD (m),Height || id:89,reported,mrbase,TRUE,89,rs17806888,T,C,0.908,0.034,0.0048,2.90E-12,253288,NA,NA,SD (m),Height || id:89,reported,mrbase,TRUE
8353,89,rs17807185,A,G,0.592,-0.022,0.003,3.90E-13,253288,NA,NA,SD (m),Height || id:89,reported,mrbase,TRUE,89,rs17807185,A,G,0.592,-0.022,0.003,3.90E-13,253288,NA,NA,SD (m),Height || id:89,reported,mrbase,TRUE
8354,89,rs1797625,A,T,0.617,-0.019,0.003,4.70E-10,253288,NA,NA,SD (m),Height || id:89,reported,mrbase,TRUE,89,rs1797625,A,T,0.617,-0.019,0.003,4.70E-10,253288,NA,NA,SD (m),Height || id:89,reported,mrbase,TRUE
8355,89,rs180165,T,C,0.508,-0.019,0.003,6.40E-10,253288,NA,NA,SD (m),Height || id:89,reported,mrbase,TRUE,89,rs180165,T,C,0.508,-0.019,0.003,6.40E-10,253288,NA,NA,SD (m),Height || id:89,reported,mrbase,TRUE
8356,89,rs1812175,A,G,0.192,-0.079,0.004,2.10E-86,253288,NA,NA,SD (m),Height || id:89,reported,mrbase,TRUE,89,rs1812175,A,G,0.192,-0.079,0.004,2.10E-86,253288,NA,NA,SD (m),Height || id:89,reported,mrbase,TRUE
8357,89,rs1832871,A,G,0.367,0.025,0.0031,1.80E-15,253288,NA,NA,SD (m),Height || id:89,reported,mrbase,TRUE,89,rs1832871,A,G,0.367,0.025,0.0031,1.80E-15,253288,NA,NA,SD (m),Height || id:89,reported,mrbase,TRUE
8358,89,rs1855078,T,C,0.825,-0.023,0.0041,3.50E-08,253288,NA,NA,SD (m),Height || id:89,reported,mrbase,TRUE,89,rs1855078,T,C,0.825,-0.023,0.0041,3.50E-08,253288,NA,NA,SD (m),Height || id:89,reported,mrbase,TRUE
8359,89,rs1870761,A,C,0.383,0.018,0.003,1.30E-09,253288,NA,NA,SD (m),Height || id:89,reported,mrbase,TRUE,89,rs1870761,A,C,0.383,0.018,0.003,1.30E-09,253288,NA,NA,SD (m),Height || id:89,reported,mrbase,TRUE
8360,89,rs1884897,A,G,0.375,0.044,0.003,1.30E-48,253288,NA,NA,SD (m),Height || id:89,reported,mrbase,TRUE,89,rs1884897,A,G,0.375,0.044,0.003,1.30E-48,253288,NA,NA,SD (m),Height || id:89,reported,mrbase,TRUE
8361,89,rs1923367,C,G,0.482,-0.03,0.003,4.90E-24,253288,NA,NA,SD (m),Height || id:89,reported,mrbase,TRUE,89,rs1923367,C,G,0.482,-0.03,0.003,4.90E-24,253288,NA,NA,SD (m),Height || id:89,reported,mrbase,TRUE
8362,89,rs1950500,T,C,0.233,0.031,0.0032,3.20E-22,253288,NA,NA,SD (m),Height || id:89,reported,mrbase,TRUE,89,rs1950500,T,C,0.233,0.031,0.0032,3.20E-22,253288,NA,NA,SD (m),Height || id:89,reported,mrbase,TRUE
8363,89,rs1996422,A,G,0.717,-0.022,0.0033,2.80E-11,253288,NA,NA,SD (m),Height || id:89,reported,mrbase,TRUE,89,rs1996422,A,G,0.717,-0.022,0.0033,2.80E-11,253288,NA,NA,SD (m),Height || id:89,reported,mrbase,TRUE
8364,89,rs2010997,A,G,0.367,0.02,0.003,8.60E-12,253288,NA,NA,SD (m),Height || id:89,reported,mrbase,TRUE,89,rs2010997,A,G,0.367,0.02,0.003,8.60E-12,253288,NA,NA,SD (m),Height || id:89,reported,mrbase,TRUE
8365,89,rs2028067,T,C,0.8,-0.031,0.0039,8.20E-16,253288,NA,NA,SD (m),Height || id:89,reported,mrbase,TRUE,89,rs2028067,T,C,0.8,-0.031,0.0039,8.20E-16,253288,NA,NA,SD (m),Height || id:89,reported,mrbase,TRUE
8366,89,rs2035901,A,G,0.533,-0.031,0.003,2.40E-25,253288,NA,NA,SD (m),Height || id:89,reported,mrbase,TRUE,89,rs2035901,A,G,0.533,-0.031,0.003,2.40E-25,253288,NA,NA,SD (m),Height || id:89,reported,mrbase,TRUE
8367,89,rs2062708,T,C,0.877,-0.034,0.004,2.00E-17,253288,NA,NA,SD (m),Height || id:89,reported,mrbase,TRUE,89,rs2062708,T,C,0.877,-0.034,0.004,2.00E-17,253288,NA,NA,SD (m),Height || id:89,reported,mrbase,TRUE
8368,89,rs2070776,A,G,0.333,-0.042,0.0031,6.00E-41,253288,NA,NA,SD (m),Height || id:89,reported,mrbase,TRUE,89,rs2070776,A,G,0.333,-0.042,0.0031,6.00E-41,253288,NA,NA,SD (m),Height || id:89,reported,mrbase,TRUE
8369,89,rs2072268,A,G,0.525,-0.02,0.0031,1.10E-10,253288,NA,NA,SD (m),Height || id:89,reported,mrbase,TRUE,89,rs2072268,A,G,0.525,-0.02,0.0031,1.10E-10,253288,NA,NA,SD (m),Height || id:89,reported,mrbase,TRUE
8370,89,rs2079795,T,C,0.3,0.045,0.0031,1.70E-46,253288,NA,NA,SD (m),Height || id:89,reported,mrbase,TRUE,89,rs2079795,T,C,0.3,0.045,0.0031,1.70E-46,253288,NA,NA,SD (m),Height || id:89,reported,mrbase,TRUE
8371,89,rs2093210,T,C,0.596,-0.039,0.0031,3.00E-35,253288,NA,NA,SD (m),Height || id:89,reported,mrbase,TRUE,89,rs2093210,T,C,0.596,-0.039,0.0031,3.00E-35,253288,NA,NA,SD (m),Height || id:89,reported,mrbase,TRUE
8372,89,rs2110001,C,G,0.691,-0.032,0.0035,4.00E-20,253288,NA,NA,SD (m),Height || id:89,reported,mrbase,TRUE,89,rs2110001,C,G,0.691,-0.032,0.0035,4.00E-20,253288,NA,NA,SD (m),Height || id:89,reported,mrbase,TRUE
8373,89,rs213653,A,G,0.3,0.023,0.0042,3.40E-08,253288,NA,NA,SD (m),Height || id:89,reported,mrbase,TRUE,89,rs213653,A,G,0.3,0.023,0.0042,3.40E-08,253288,NA,NA,SD (m),Height || id:89,reported,mrbase,TRUE
8374,89,rs2149163,C,G,0.408,0.02,0.003,1.80E-11,253288,NA,NA,SD (m),Height || id:89,reported,mrbase,TRUE,89,rs2149163,C,G,0.408,0.02,0.003,1.80E-11,253288,NA,NA,SD (m),Height || id:89,reported,mrbase,TRUE
8375,89,rs2152090,C,G,0.492,-0.019,0.0029,5.00E-11,253288,NA,NA,SD (m),Height || id:89,reported,mrbase,TRUE,89,rs2152090,C,G,0.492,-0.019,0.0029,5.00E-11,253288,NA,NA,SD (m),Height || id:89,reported,mrbase,TRUE
8376,89,rs2166898,A,G,0.169,-0.027,0.0041,8.60E-11,253288,NA,NA,SD (m),Height || id:89,reported,mrbase,TRUE,89,rs2166898,A,G,0.169,-0.027,0.0041,8.60E-11,253288,NA,NA,SD (m),Height || id:89,reported,mrbase,TRUE
8377,89,rs217181,T,C,0.2,0.024,0.0038,3.70E-10,253288,NA,NA,SD (m),Height || id:89,reported,mrbase,TRUE,89,rs217181,T,C,0.2,0.024,0.0038,3.70E-10,253288,NA,NA,SD (m),Height || id:89,reported,mrbase,TRUE
8378,89,rs2181834,T,G,0.542,0.022,0.0029,2.10E-14,253288,NA,NA,SD (m),Height || id:89,reported,mrbase,TRUE,89,rs2181834,T,G,0.542,0.022,0.0029,2.10E-14,253288,NA,NA,SD (m),Height || id:89,reported,mrbase,TRUE
8379,89,rs2237886,T,C,0.108,0.043,0.0049,5.30E-18,253288,NA,NA,SD (m),Height || id:89,reported,mrbase,TRUE,89,rs2237886,T,C,0.108,0.043,0.0049,5.30E-18,253288,NA,NA,SD (m),Height || id:89,reported,mrbase,TRUE
8380,89,rs2247341,A,G,0.417,0.027,0.0031,1.80E-18,253288,NA,NA,SD (m),Height || id:89,reported,mrbase,TRUE,89,rs2247341,A,G,0.417,0.027,0.0031,1.80E-18,253288,NA,NA,SD (m),Height || id:89,reported,mrbase,TRUE
8381,89,rs2256183,A,G,0.558,0.037,0.003,2.50E-36,253288,NA,NA,SD (m),Height || id:89,reported,mrbase,TRUE,89,rs2256183,A,G,0.558,0.037,0.003,2.50E-36,253288,NA,NA,SD (m),Height || id:89,reported,mrbase,TRUE
8382,89,rs227724,A,T,0.703,-0.03,0.0031,3.50E-21,253288,NA,NA,SD (m),Height || id:89,reported,mrbase,TRUE,89,rs227724,A,T,0.703,-0.03,0.0031,3.50E-21,253288,NA,NA,SD (m),Height || id:89,reported,mrbase,TRUE
8383,89,rs2278789,T,C,0.683,0.018,0.003,2.00E-09,253288,NA,NA,SD (m),Height || id:89,reported,mrbase,TRUE,89,rs2278789,T,C,0.683,0.018,0.003,2.00E-09,253288,NA,NA,SD (m),Height || id:89,reported,mrbase,TRUE
8384,89,rs2279007,A,G,0.258,-0.025,0.0036,7.20E-12,253288,NA,NA,SD (m),Height || id:89,reported,mrbase,TRUE,89,rs2279007,A,G,0.258,-0.025,0.0036,7.20E-12,253288,NA,NA,SD (m),Height || id:89,reported,mrbase,TRUE
8385,89,rs2281645,A,G,0.642,0.019,0.0032,1.10E-09,253288,NA,NA,SD (m),Height || id:89,reported,mrbase,TRUE,89,rs2281645,A,G,0.642,0.019,0.0032,1.10E-09,253288,NA,NA,SD (m),Height || id:89,reported,mrbase,TRUE
8386,89,rs2284746,C,G,0.417,-0.04,0.003,1.20E-40,253288,NA,NA,SD (m),Height || id:89,reported,mrbase,TRUE,89,rs2284746,C,G,0.417,-0.04,0.003,1.20E-40,253288,NA,NA,SD (m),Height || id:89,reported,mrbase,TRUE
8387,89,rs2289195,A,G,0.367,0.038,0.003,2.40E-37,253288,NA,NA,SD (m),Height || id:89,reported,mrbase,TRUE,89,rs2289195,A,G,0.367,0.038,0.003,2.40E-37,253288,NA,NA,SD (m),Height || id:89,reported,mrbase,TRUE
8388,89,rs2302580,T,C,0.491,-0.029,0.0036,4.20E-15,253288,NA,NA,SD (m),Height || id:89,reported,mrbase,TRUE,89,rs2302580,T,C,0.491,-0.029,0.0036,4.20E-15,253288,NA,NA,SD (m),Height || id:89,reported,mrbase,TRUE
8389,89,rs2303085,T,C,0.158,-0.023,0.0042,2.80E-08,253288,NA,NA,SD (m),Height || id:89,reported,mrbase,TRUE,89,rs2303085,T,C,0.158,-0.023,0.0042,2.80E-08,253288,NA,NA,SD (m),Height || id:89,reported,mrbase,TRUE
8390,89,rs2303262,T,C,0.75,-0.025,0.0041,1.50E-09,253288,NA,NA,SD (m),Height || id:89,reported,mrbase,TRUE,89,rs2303262,T,C,0.75,-0.025,0.0041,1.50E-09,253288,NA,NA,SD (m),Height || id:89,reported,mrbase,TRUE
8391,89,rs2306578,T,C,0.991,-0.069,0.0097,8.00E-13,253288,NA,NA,SD (m),Height || id:89,reported,mrbase,TRUE,89,rs2306578,T,C,0.991,-0.069,0.0097,8.00E-13,253288,NA,NA,SD (m),Height || id:89,reported,mrbase,TRUE
8392,89,rs2313167,C,G,0.475,0.02,0.003,4.60E-11,253288,NA,NA,SD (m),Height || id:89,reported,mrbase,TRUE,89,rs2313167,C,G,0.475,0.02,0.003,4.60E-11,253288,NA,NA,SD (m),Height || id:89,reported,mrbase,TRUE
8393,89,rs2326458,A,C,0.833,-0.022,0.0035,5.00E-10,253288,NA,NA,SD (m),Height || id:89,reported,mrbase,TRUE,89,rs2326458,A,C,0.833,-0.022,0.0035,5.00E-10,253288,NA,NA,SD (m),Height || id:89,reported,mrbase,TRUE
8394,89,rs2358947,C,G,0.117,0.028,0.0044,2.10E-10,253288,NA,NA,SD (m),Height || id:89,reported,mrbase,TRUE,89,rs2358947,C,G,0.117,0.028,0.0044,2.10E-10,253288,NA,NA,SD (m),Height || id:89,reported,mrbase,TRUE
8395,89,rs237711,C,G,0.718,-0.037,0.0036,3.00E-25,253288,NA,NA,SD (m),Height || id:89,reported,mrbase,TRUE,89,rs237711,C,G,0.718,-0.037,0.0036,3.00E-25,253288,NA,NA,SD (m),Height || id:89,reported,mrbase,TRUE
8396,89,rs239256,T,C,0.864,0.028,0.0037,2.00E-14,253288,NA,NA,SD (m),Height || id:89,reported,mrbase,TRUE,89,rs239256,T,C,0.864,0.028,0.0037,2.00E-14,253288,NA,NA,SD (m),Height || id:89,reported,mrbase,TRUE
8397,89,rs2427307,A,G,0.27,-0.02,0.0032,4.40E-10,253288,NA,NA,SD (m),Height || id:89,reported,mrbase,TRUE,89,rs2427307,A,G,0.27,-0.02,0.0032,4.40E-10,253288,NA,NA,SD (m),Height || id:89,reported,mrbase,TRUE
8398,89,rs2581830,T,C,0.358,0.031,0.003,4.40E-25,253288,NA,NA,SD (m),Height || id:89,reported,mrbase,TRUE,89,rs2581830,T,C,0.358,0.031,0.003,4.40E-25,253288,NA,NA,SD (m),Height || id:89,reported,mrbase,TRUE
8399,89,rs2597513,T,C,0.875,-0.039,0.0048,3.10E-16,253288,NA,NA,SD (m),Height || id:89,reported,mrbase,TRUE,89,rs2597513,T,C,0.875,-0.039,0.0048,3.10E-16,253288,NA,NA,SD (m),Height || id:89,reported,mrbase,TRUE
8400,89,rs2609334,T,C,0.733,0.022,0.0034,2.40E-10,253288,NA,NA,SD (m),Height || id:89,reported,mrbase,TRUE,89,rs2609334,T,C,0.733,0.022,0.0034,2.40E-10,253288,NA,NA,SD (m),Height || id:89,reported,mrbase,TRUE
8401,89,rs2609996,A,C,0.383,0.017,0.0029,6.20E-09,253288,NA,NA,SD (m),Height || id:89,reported,mrbase,TRUE,89,rs2609996,A,C,0.383,0.017,0.0029,6.20E-09,253288,NA,NA,SD (m),Height || id:89,reported,mrbase,TRUE
8402,89,rs2631676,A,G,0.725,-0.028,0.0039,4.60E-13,253288,NA,NA,SD (m),Height || id:89,reported,mrbase,TRUE,89,rs2631676,A,G,0.725,-0.028,0.0039,4.60E-13,253288,NA,NA,SD (m),Height || id:89,reported,mrbase,TRUE
8403,89,rs2633761,A,G,0.583,0.016,0.0029,2.60E-08,253288,NA,NA,SD (m),Height || id:89,reported,mrbase,TRUE,89,rs2633761,A,G,0.583,0.016,0.0029,2.60E-08,253288,NA,NA,SD (m),Height || id:89,reported,mrbase,TRUE
8404,89,rs2649996,A,C,0.224,0.02,0.0034,5.60E-09,253288,NA,NA,SD (m),Height || id:89,reported,mrbase,TRUE,89,rs2649996,A,C,0.224,0.02,0.0034,5.60E-09,253288,NA,NA,SD (m),Height || id:89,reported,mrbase,TRUE
8405,89,rs2662027,T,G,0.083,-0.033,0.0048,6.30E-12,253288,NA,NA,SD (m),Height || id:89,reported,mrbase,TRUE,89,rs2662027,T,G,0.083,-0.033,0.0048,6.30E-12,253288,NA,NA,SD (m),Height || id:89,reported,mrbase,TRUE
8406,89,rs26868,A,T,0.406,0.029,0.0033,3.20E-18,253288,NA,NA,SD (m),Height || id:89,reported,mrbase,TRUE,89,rs26868,A,T,0.406,0.029,0.0033,3.20E-18,253288,NA,NA,SD (m),Height || id:89,reported,mrbase,TRUE
8407,89,rs273945,A,C,0.466,-0.019,0.0031,1.40E-09,253288,NA,NA,SD (m),Height || id:89,reported,mrbase,TRUE,89,rs273945,A,C,0.466,-0.019,0.0031,1.40E-09,253288,NA,NA,SD (m),Height || id:89,reported,mrbase,TRUE
8408,89,rs2741311,T,C,0.05,0.051,0.0055,3.10E-20,253288,NA,NA,SD (m),Height || id:89,reported,mrbase,TRUE,89,rs2741311,T,C,0.05,0.051,0.0055,3.10E-20,253288,NA,NA,SD (m),Height || id:89,reported,mrbase,TRUE
8409,89,rs2748483,A,T,0.492,0.019,0.003,4.10E-10,253288,NA,NA,SD (m),Height || id:89,reported,mrbase,TRUE,89,rs2748483,A,T,0.492,0.019,0.003,4.10E-10,253288,NA,NA,SD (m),Height || id:89,reported,mrbase,TRUE
8410,89,rs2778027,T,C,0.783,-0.027,0.0039,3.10E-12,253288,NA,NA,SD (m),Height || id:89,reported,mrbase,TRUE,89,rs2778027,T,C,0.783,-0.027,0.0039,3.10E-12,253288,NA,NA,SD (m),Height || id:89,reported,mrbase,TRUE
8411,89,rs2802292,T,G,0.576,0.017,0.003,6.70E-09,253288,NA,NA,SD (m),Height || id:89,reported,mrbase,TRUE,89,rs2802292,T,G,0.576,0.017,0.003,6.70E-09,253288,NA,NA,SD (m),Height || id:89,reported,mrbase,TRUE
8412,89,rs2806561,A,G,0.567,0.027,0.0029,1.90E-20,253288,NA,NA,SD (m),Height || id:89,reported,mrbase,TRUE,89,rs2806561,A,G,0.567,0.027,0.0029,1.90E-20,253288,NA,NA,SD (m),Height || id:89,reported,mrbase,TRUE
8413,89,rs2811594,A,G,0.333,-0.024,0.0032,4.10E-14,253288,NA,NA,SD (m),Height || id:89,reported,mrbase,TRUE,89,rs2811594,A,G,0.333,-0.024,0.0032,4.10E-14,253288,NA,NA,SD (m),Height || id:89,reported,mrbase,TRUE
8414,89,rs2815379,A,G,0.242,-0.018,0.0033,1.60E-08,253288,NA,NA,SD (m),Height || id:89,reported,mrbase,TRUE,89,rs2815379,A,G,0.242,-0.018,0.0033,1.60E-08,253288,NA,NA,SD (m),Height || id:89,reported,mrbase,TRUE
8415,89,rs2834442,A,T,0.636,0.024,0.0031,4.40E-15,253288,NA,NA,SD (m),Height || id:89,reported,mrbase,TRUE,89,rs2834442,A,T,0.636,0.024,0.0031,4.40E-15,253288,NA,NA,SD (m),Height || id:89,reported,mrbase,TRUE
8416,89,rs2836288,A,C,0.534,-0.019,0.0029,3.80E-11,253288,NA,NA,SD (m),Height || id:89,reported,mrbase,TRUE,89,rs2836288,A,C,0.534,-0.019,0.0029,3.80E-11,253288,NA,NA,SD (m),Height || id:89,reported,mrbase,TRUE
8417,89,rs2856321,A,G,0.603,-0.031,0.003,7.60E-24,253288,NA,NA,SD (m),Height || id:89,reported,mrbase,TRUE,89,rs2856321,A,G,0.603,-0.031,0.003,7.60E-24,253288,NA,NA,SD (m),Height || id:89,reported,mrbase,TRUE
8418,89,rs2925155,T,C,0.333,-0.023,0.0034,9.80E-12,253288,NA,NA,SD (m),Height || id:89,reported,mrbase,TRUE,89,rs2925155,T,C,0.333,-0.023,0.0034,9.80E-12,253288,NA,NA,SD (m),Height || id:89,reported,mrbase,TRUE
8419,89,rs2970578,T,G,0.602,-0.021,0.0031,1.00E-11,253288,NA,NA,SD (m),Height || id:89,reported,mrbase,TRUE,89,rs2970578,T,G,0.602,-0.021,0.0031,1.00E-11,253288,NA,NA,SD (m),Height || id:89,reported,mrbase,TRUE
8420,89,rs3017036,T,G,0.283,-0.021,0.0036,4.20E-09,253288,NA,NA,SD (m),Height || id:89,reported,mrbase,TRUE,89,rs3017036,T,G,0.283,-0.021,0.0036,4.20E-09,253288,NA,NA,SD (m),Height || id:89,reported,mrbase,TRUE
8421,89,rs3103267,A,C,0.364,-0.038,0.0033,1.40E-31,253288,NA,NA,SD (m),Height || id:89,reported,mrbase,TRUE,89,rs3103267,A,C,0.364,-0.038,0.0033,1.40E-31,253288,NA,NA,SD (m),Height || id:89,reported,mrbase,TRUE
8422,89,rs310421,T,G,0.483,0.032,0.0029,3.30E-27,253288,NA,NA,SD (m),Height || id:89,reported,mrbase,TRUE,89,rs310421,T,G,0.483,0.032,0.0029,3.30E-27,253288,NA,NA,SD (m),Height || id:89,reported,mrbase,TRUE
8423,89,rs3118905,A,G,0.237,-0.058,0.0033,1.10E-69,253288,NA,NA,SD (m),Height || id:89,reported,mrbase,TRUE,89,rs3118905,A,G,0.237,-0.058,0.0033,1.10E-69,253288,NA,NA,SD (m),Height || id:89,reported,mrbase,TRUE
8424,89,rs31203,T,C,0.686,0.032,0.0032,1.10E-23,253288,NA,NA,SD (m),Height || id:89,reported,mrbase,TRUE,89,rs31203,T,C,0.686,0.032,0.0032,1.10E-23,253288,NA,NA,SD (m),Height || id:89,reported,mrbase,TRUE
8425,89,rs316618,A,T,0.158,-0.026,0.0037,3.30E-12,253288,NA,NA,SD (m),Height || id:89,reported,mrbase,TRUE,89,rs316618,A,T,0.158,-0.026,0.0037,3.30E-12,253288,NA,NA,SD (m),Height || id:89,reported,mrbase,TRUE
8426,89,rs34651,T,C,0.905,-0.041,0.0058,2.20E-12,253288,NA,NA,SD (m),Height || id:89,reported,mrbase,TRUE,89,rs34651,T,C,0.905,-0.041,0.0058,2.20E-12,253288,NA,NA,SD (m),Height || id:89,reported,mrbase,TRUE
8427,89,rs3739707,A,C,0.3,-0.024,0.0035,4.00E-12,253288,NA,NA,SD (m),Height || id:89,reported,mrbase,TRUE,89,rs3739707,A,C,0.3,-0.024,0.0035,4.00E-12,253288,NA,NA,SD (m),Height || id:89,reported,mrbase,TRUE
8428,89,rs3755196,A,G,0.692,-0.018,0.0032,3.40E-08,253288,NA,NA,SD (m),Height || id:89,reported,mrbase,TRUE,89,rs3755196,A,G,0.692,-0.018,0.0032,3.40E-08,253288,NA,NA,SD (m),Height || id:89,reported,mrbase,TRUE
8429,89,rs3764419,A,C,0.375,-0.041,0.003,2.70E-41,253288,NA,NA,SD (m),Height || id:89,reported,mrbase,TRUE,89,rs3764419,A,C,0.375,-0.041,0.003,2.70E-41,253288,NA,NA,SD (m),Height || id:89,reported,mrbase,TRUE
8430,89,rs3790086,C,G,0.517,0.023,0.0029,3.00E-15,253288,NA,NA,SD (m),Height || id:89,reported,mrbase,TRUE,89,rs3790086,C,G,0.517,0.023,0.0029,3.00E-15,253288,NA,NA,SD (m),Height || id:89,reported,mrbase,TRUE
8431,89,rs3790598,A,G,0.119,-0.026,0.0041,2.40E-10,253288,NA,NA,SD (m),Height || id:89,reported,mrbase,TRUE,89,rs3790598,A,G,0.119,-0.026,0.0041,2.40E-10,253288,NA,NA,SD (m),Height || id:89,reported,mrbase,TRUE
8432,89,rs3791679,A,G,0.72,0.06,0.0035,2.40E-67,253288,NA,NA,SD (m),Height || id:89,reported,mrbase,TRUE,89,rs3791679,A,G,0.72,0.06,0.0035,2.40E-67,253288,NA,NA,SD (m),Height || id:89,reported,mrbase,TRUE
8433,89,rs3796529,T,C,0.169,0.031,0.0037,6.30E-17,253288,NA,NA,SD (m),Height || id:89,reported,mrbase,TRUE,89,rs3796529,T,C,0.169,0.031,0.0037,6.30E-17,253288,NA,NA,SD (m),Height || id:89,reported,mrbase,TRUE
8434,89,rs3802758,A,G,0.966,0.039,0.0066,2.20E-09,253288,NA,NA,SD (m),Height || id:89,reported,mrbase,TRUE,89,rs3802758,A,G,0.966,0.039,0.0066,2.20E-09,253288,NA,NA,SD (m),Height || id:89,reported,mrbase,TRUE
8435,89,rs3807931,A,G,0.408,0.027,0.0029,1.20E-19,253288,NA,NA,SD (m),Height || id:89,reported,mrbase,TRUE,89,rs3807931,A,G,0.408,0.027,0.0029,1.20E-19,253288,NA,NA,SD (m),Height || id:89,reported,mrbase,TRUE
8436,89,rs3812163,A,T,0.508,-0.039,0.003,4.50E-39,253288,NA,NA,SD (m),Height || id:89,reported,mrbase,TRUE,89,rs3812163,A,T,0.508,-0.039,0.003,4.50E-39,253288,NA,NA,SD (m),Height || id:89,reported,mrbase,TRUE
8437,89,rs3814333,T,C,0.342,0.049,0.0032,4.80E-51,253288,NA,NA,SD (m),Height || id:89,reported,mrbase,TRUE,89,rs3814333,T,C,0.342,0.049,0.0032,4.80E-51,253288,NA,NA,SD (m),Height || id:89,reported,mrbase,TRUE
8438,89,rs3818416,A,C,0.208,-0.021,0.0035,1.70E-09,253288,NA,NA,SD (m),Height || id:89,reported,mrbase,TRUE,89,rs3818416,A,C,0.208,-0.021,0.0035,1.70E-09,253288,NA,NA,SD (m),Height || id:89,reported,mrbase,TRUE
8439,89,rs3849769,A,G,0.3,-0.021,0.0033,2.10E-10,253288,NA,NA,SD (m),Height || id:89,reported,mrbase,TRUE,89,rs3849769,A,G,0.3,-0.021,0.0033,2.10E-10,253288,NA,NA,SD (m),Height || id:89,reported,mrbase,TRUE
8440,89,rs3868143,T,C,0.925,0.033,0.0055,2.60E-09,253288,NA,NA,SD (m),Height || id:89,reported,mrbase,TRUE,89,rs3868143,T,C,0.925,0.033,0.0055,2.60E-09,253288,NA,NA,SD (m),Height || id:89,reported,mrbase,TRUE
8441,89,rs3885668,T,C,0.558,-0.022,0.003,8.40E-13,253288,NA,NA,SD (m),Height || id:89,reported,mrbase,TRUE,89,rs3885668,T,C,0.558,-0.022,0.003,8.40E-13,253288,NA,NA,SD (m),Height || id:89,reported,mrbase,TRUE
8442,89,rs389663,T,C,0.317,0.022,0.0031,2.50E-12,253288,NA,NA,SD (m),Height || id:89,reported,mrbase,TRUE,89,rs389663,T,C,0.317,0.022,0.0031,2.50E-12,253288,NA,NA,SD (m),Height || id:89,reported,mrbase,TRUE
8443,89,rs4146850,A,G,0.492,0.018,0.0029,1.20E-09,253288,NA,NA,SD (m),Height || id:89,reported,mrbase,TRUE,89,rs4146850,A,G,0.492,0.018,0.0029,1.20E-09,253288,NA,NA,SD (m),Height || id:89,reported,mrbase,TRUE
8444,89,rs42039,T,C,0.283,0.068,0.0034,3.80E-88,253288,NA,NA,SD (m),Height || id:89,reported,mrbase,TRUE,89,rs42039,T,C,0.283,0.068,0.0034,3.80E-88,253288,NA,NA,SD (m),Height || id:89,reported,mrbase,TRUE
8445,89,rs4239020,T,C,0.708,-0.021,0.0031,8.80E-12,253288,NA,NA,SD (m),Height || id:89,reported,mrbase,TRUE,89,rs4239020,T,C,0.708,-0.021,0.0031,8.80E-12,253288,NA,NA,SD (m),Height || id:89,reported,mrbase,TRUE
8446,89,rs4246079,A,G,0.1,-0.038,0.005,4.50E-14,253288,NA,NA,SD (m),Height || id:89,reported,mrbase,TRUE,89,rs4246079,A,G,0.1,-0.038,0.005,4.50E-14,253288,NA,NA,SD (m),Height || id:89,reported,mrbase,TRUE
8447,89,rs4246302,A,G,0.667,-0.027,0.0033,1.70E-16,253288,NA,NA,SD (m),Height || id:89,reported,mrbase,TRUE,89,rs4246302,A,G,0.667,-0.027,0.0033,1.70E-16,253288,NA,NA,SD (m),Height || id:89,reported,mrbase,TRUE
8448,89,rs425277,T,C,0.28,0.028,0.0033,1.20E-17,253288,NA,NA,SD (m),Height || id:89,reported,mrbase,TRUE,89,rs425277,T,C,0.28,0.028,0.0033,1.20E-17,253288,NA,NA,SD (m),Height || id:89,reported,mrbase,TRUE
8449,89,rs429433,A,G,0.05,0.046,0.0071,1.30E-10,253288,NA,NA,SD (m),Height || id:89,reported,mrbase,TRUE,89,rs429433,A,G,0.05,0.046,0.0071,1.30E-10,253288,NA,NA,SD (m),Height || id:89,reported,mrbase,TRUE
8450,89,rs4320932,T,C,0.8,0.029,0.0041,2.30E-12,253288,NA,NA,SD (m),Height || id:89,reported,mrbase,TRUE,89,rs4320932,T,C,0.8,0.029,0.0041,2.30E-12,253288,NA,NA,SD (m),Height || id:89,reported,mrbase,TRUE
8451,89,rs4325879,T,C,0.264,-0.021,0.0035,3.20E-09,253288,NA,NA,SD (m),Height || id:89,reported,mrbase,TRUE,89,rs4325879,T,C,0.264,-0.021,0.0035,3.20E-09,253288,NA,NA,SD (m),Height || id:89,reported,mrbase,TRUE
8452,89,rs4369779,T,C,0.258,-0.056,0.0036,1.50E-53,253288,NA,NA,SD (m),Height || id:89,reported,mrbase,TRUE,89,rs4369779,T,C,0.258,-0.056,0.0036,1.50E-53,253288,NA,NA,SD (m),Height || id:89,reported,mrbase,TRUE
8453,89,rs4371882,A,G,0.833,-0.027,0.0038,1.10E-12,253288,NA,NA,SD (m),Height || id:89,reported,mrbase,TRUE,89,rs4371882,A,G,0.833,-0.027,0.0038,1.10E-12,253288,NA,NA,SD (m),Height || id:89,reported,mrbase,TRUE
8454,89,rs4378999,A,T,0.858,-0.034,0.0048,6.00E-13,253288,NA,NA,SD (m),Height || id:89,reported,mrbase,TRUE,89,rs4378999,A,T,0.858,-0.034,0.0048,6.00E-13,253288,NA,NA,SD (m),Height || id:89,reported,mrbase,TRUE
8455,89,rs445151,T,C,0.831,0.022,0.0038,5.10E-09,253288,NA,NA,SD (m),Height || id:89,reported,mrbase,TRUE,89,rs445151,T,C,0.831,0.022,0.0038,5.10E-09,253288,NA,NA,SD (m),Height || id:89,reported,mrbase,TRUE
8456,89,rs4461027,T,C,0.65,0.028,0.0031,7.50E-20,253288,NA,NA,SD (m),Height || id:89,reported,mrbase,TRUE,89,rs4461027,T,C,0.65,0.028,0.0031,7.50E-20,253288,NA,NA,SD (m),Height || id:89,reported,mrbase,TRUE
8457,89,rs4542783,T,C,0.612,0.032,0.0039,1.20E-15,253288,NA,NA,SD (m),Height || id:89,reported,mrbase,TRUE,89,rs4542783,T,C,0.612,0.032,0.0039,1.20E-15,253288,NA,NA,SD (m),Height || id:89,reported,mrbase,TRUE
8458,89,rs4548838,T,C,0.45,0.033,0.003,8.60E-28,253288,NA,NA,SD (m),Height || id:89,reported,mrbase,TRUE,89,rs4548838,T,C,0.45,0.033,0.003,8.60E-28,253288,NA,NA,SD (m),Height || id:89,reported,mrbase,TRUE
8459,89,rs461521,A,C,0.5,0.016,0.003,3.30E-08,253288,NA,NA,SD (m),Height || id:89,reported,mrbase,TRUE,89,rs461521,A,C,0.5,0.016,0.003,3.30E-08,253288,NA,NA,SD (m),Height || id:89,reported,mrbase,TRUE
8460,89,rs4624820,A,G,0.4,0.018,0.0029,1.00E-09,253288,NA,NA,SD (m),Height || id:89,reported,mrbase,TRUE,89,rs4624820,A,G,0.4,0.018,0.0029,1.00E-09,253288,NA,NA,SD (m),Height || id:89,reported,mrbase,TRUE
8461,89,rs4655345,A,G,0.583,0.024,0.003,5.20E-16,253288,NA,NA,SD (m),Height || id:89,reported,mrbase,TRUE,89,rs4655345,A,G,0.583,0.024,0.003,5.20E-16,253288,NA,NA,SD (m),Height || id:89,reported,mrbase,TRUE
8462,89,rs4675945,T,G,0.358,-0.02,0.003,3.30E-11,253288,NA,NA,SD (m),Height || id:89,reported,mrbase,TRUE,89,rs4675945,T,G,0.358,-0.02,0.003,3.30E-11,253288,NA,NA,SD (m),Height || id:89,reported,mrbase,TRUE
8463,89,rs4686904,T,C,0.642,-0.021,0.0031,2.50E-11,253288,NA,NA,SD (m),Height || id:89,reported,mrbase,TRUE,89,rs4686904,T,C,0.642,-0.021,0.0031,2.50E-11,253288,NA,NA,SD (m),Height || id:89,reported,mrbase,TRUE
8464,89,rs4721810,A,C,0.15,0.031,0.0044,5.50E-12,253288,NA,NA,SD (m),Height || id:89,reported,mrbase,TRUE,89,rs4721810,A,C,0.15,0.031,0.0044,5.50E-12,253288,NA,NA,SD (m),Height || id:89,reported,mrbase,TRUE
8465,89,rs4722837,A,G,0.583,0.017,0.0031,2.20E-08,253288,NA,NA,SD (m),Height || id:89,reported,mrbase,TRUE,89,rs4722837,A,G,0.583,0.017,0.0031,2.20E-08,253288,NA,NA,SD (m),Height || id:89,reported,mrbase,TRUE
8466,89,rs4725061,A,G,0.578,-0.02,0.0031,1.10E-10,253288,NA,NA,SD (m),Height || id:89,reported,mrbase,TRUE,89,rs4725061,A,G,0.578,-0.02,0.0031,1.10E-10,253288,NA,NA,SD (m),Height || id:89,reported,mrbase,TRUE
8467,89,rs4733724,A,G,0.808,0.05,0.0037,1.40E-41,253288,NA,NA,SD (m),Height || id:89,reported,mrbase,TRUE,89,rs4733724,A,G,0.808,0.05,0.0037,1.40E-41,253288,NA,NA,SD (m),Height || id:89,reported,mrbase,TRUE
8468,89,rs4735677,A,T,0.658,-0.037,0.0032,6.00E-30,253288,NA,NA,SD (m),Height || id:89,reported,mrbase,TRUE,89,rs4735677,A,T,0.658,-0.037,0.0032,6.00E-30,253288,NA,NA,SD (m),Height || id:89,reported,mrbase,TRUE
8469,89,rs4745948,A,G,0.567,0.021,0.0029,2.70E-13,253288,NA,NA,SD (m),Height || id:89,reported,mrbase,TRUE,89,rs4745948,A,G,0.567,0.021,0.0029,2.70E-13,253288,NA,NA,SD (m),Height || id:89,reported,mrbase,TRUE
8470,89,rs4748978,T,C,0.585,-0.018,0.0031,4.30E-09,253288,NA,NA,SD (m),Height || id:89,reported,mrbase,TRUE,89,rs4748978,T,C,0.585,-0.018,0.0031,4.30E-09,253288,NA,NA,SD (m),Height || id:89,reported,mrbase,TRUE
8471,89,rs4767473,A,G,0.85,0.025,0.0044,3.00E-08,253288,NA,NA,SD (m),Height || id:89,reported,mrbase,TRUE,89,rs4767473,A,G,0.85,0.025,0.0044,3.00E-08,253288,NA,NA,SD (m),Height || id:89,reported,mrbase,TRUE
8472,89,rs4803468,A,G,0.398,0.03,0.0031,1.70E-21,253288,NA,NA,SD (m),Height || id:89,reported,mrbase,TRUE,89,rs4803468,A,G,0.398,0.03,0.0031,1.70E-21,253288,NA,NA,SD (m),Height || id:89,reported,mrbase,TRUE
8473,89,rs4806934,A,G,0.633,-0.029,0.0031,1.30E-20,253288,NA,NA,SD (m),Height || id:89,reported,mrbase,TRUE,89,rs4806934,A,G,0.633,-0.029,0.0031,1.30E-20,253288,NA,NA,SD (m),Height || id:89,reported,mrbase,TRUE
8474,89,rs4812888,A,G,0.7,0.021,0.0037,1.40E-08,253288,NA,NA,SD (m),Height || id:89,reported,mrbase,TRUE,89,rs4812888,A,G,0.7,0.021,0.0037,1.40E-08,253288,NA,NA,SD (m),Height || id:89,reported,mrbase,TRUE
8475,89,rs4821890,A,G,0.733,0.017,0.0031,4.20E-08,253288,NA,NA,SD (m),Height || id:89,reported,mrbase,TRUE,89,rs4821890,A,G,0.733,0.017,0.0031,4.20E-08,253288,NA,NA,SD (m),Height || id:89,reported,mrbase,TRUE
8476,89,rs4868126,T,G,0.35,-0.036,0.0032,2.80E-29,253288,NA,NA,SD (m),Height || id:89,reported,mrbase,TRUE,89,rs4868126,T,G,0.35,-0.036,0.0032,2.80E-29,253288,NA,NA,SD (m),Height || id:89,reported,mrbase,TRUE
8477,89,rs4875421,A,T,0.642,-0.019,0.0029,1.30E-10,253288,NA,NA,SD (m),Height || id:89,reported,mrbase,TRUE,89,rs4875421,A,T,0.642,-0.019,0.0029,1.30E-10,253288,NA,NA,SD (m),Height || id:89,reported,mrbase,TRUE
8478,89,rs4876357,T,C,0.433,0.017,0.0029,4.30E-09,253288,NA,NA,SD (m),Height || id:89,reported,mrbase,TRUE,89,rs4876357,T,C,0.433,0.017,0.0029,4.30E-09,253288,NA,NA,SD (m),Height || id:89,reported,mrbase,TRUE
8479,89,rs4930585,T,C,0.175,-0.028,0.0041,4.40E-12,253288,NA,NA,SD (m),Height || id:89,reported,mrbase,TRUE,89,rs4930585,T,C,0.175,-0.028,0.0041,4.40E-12,253288,NA,NA,SD (m),Height || id:89,reported,mrbase,TRUE
8480,89,rs4939837,A,G,0.342,0.019,0.0033,1.10E-08,253288,NA,NA,SD (m),Height || id:89,reported,mrbase,TRUE,89,rs4939837,A,G,0.342,0.019,0.0033,1.10E-08,253288,NA,NA,SD (m),Height || id:89,reported,mrbase,TRUE
8481,89,rs4986172,T,C,0.325,-0.034,0.0032,7.60E-27,253288,NA,NA,SD (m),Height || id:89,reported,mrbase,TRUE,89,rs4986172,T,C,0.325,-0.034,0.0032,7.60E-27,253288,NA,NA,SD (m),Height || id:89,reported,mrbase,TRUE
8482,89,rs519384,A,T,0.26,0.031,0.0033,8.60E-22,253288,NA,NA,SD (m),Height || id:89,reported,mrbase,TRUE,89,rs519384,A,T,0.26,0.031,0.0033,8.60E-22,253288,NA,NA,SD (m),Height || id:89,reported,mrbase,TRUE
8483,89,rs552707,T,C,0.314,0.046,0.0032,9.30E-46,253288,NA,NA,SD (m),Height || id:89,reported,mrbase,TRUE,89,rs552707,T,C,0.314,0.046,0.0032,9.30E-46,253288,NA,NA,SD (m),Height || id:89,reported,mrbase,TRUE
8484,89,rs564914,A,T,0.517,-0.024,0.003,1.90E-15,253288,NA,NA,SD (m),Height || id:89,reported,mrbase,TRUE,89,rs564914,A,T,0.517,-0.024,0.003,1.90E-15,253288,NA,NA,SD (m),Height || id:89,reported,mrbase,TRUE
8485,89,rs568610,T,C,0.208,0.022,0.0034,1.40E-10,253288,NA,NA,SD (m),Height || id:89,reported,mrbase,TRUE,89,rs568610,T,C,0.208,0.022,0.0034,1.40E-10,253288,NA,NA,SD (m),Height || id:89,reported,mrbase,TRUE
8486,89,rs5742915,T,C,0.45,-0.035,0.0031,1.50E-29,253288,NA,NA,SD (m),Height || id:89,reported,mrbase,TRUE,89,rs5742915,T,C,0.45,-0.035,0.0031,1.50E-29,253288,NA,NA,SD (m),Height || id:89,reported,mrbase,TRUE
8487,89,rs5754185,C,G,0.892,0.035,0.0042,4.50E-17,253288,NA,NA,SD (m),Height || id:89,reported,mrbase,TRUE,89,rs5754185,C,G,0.892,0.035,0.0042,4.50E-17,253288,NA,NA,SD (m),Height || id:89,reported,mrbase,TRUE
8488,89,rs5757318,A,T,0.864,-0.029,0.0048,1.90E-09,253288,NA,NA,SD (m),Height || id:89,reported,mrbase,TRUE,89,rs5757318,A,T,0.864,-0.029,0.0048,1.90E-09,253288,NA,NA,SD (m),Height || id:89,reported,mrbase,TRUE
8489,89,rs584828,T,C,0.433,-0.025,0.003,3.50E-17,253288,NA,NA,SD (m),Height || id:89,reported,mrbase,TRUE,89,rs584828,T,C,0.433,-0.025,0.003,3.50E-17,253288,NA,NA,SD (m),Height || id:89,reported,mrbase,TRUE
8490,89,rs593133,T,C,0.839,-0.025,0.0037,1.50E-11,253288,NA,NA,SD (m),Height || id:89,reported,mrbase,TRUE,89,rs593133,T,C,0.839,-0.025,0.0037,1.50E-11,253288,NA,NA,SD (m),Height || id:89,reported,mrbase,TRUE
8491,89,rs6020202,A,G,0.217,-0.022,0.0036,7.90E-10,253288,NA,NA,SD (m),Height || id:89,reported,mrbase,TRUE,89,rs6020202,A,G,0.217,-0.022,0.0036,7.90E-10,253288,NA,NA,SD (m),Height || id:89,reported,mrbase,TRUE
8492,89,rs6047319,A,G,0.658,-0.019,0.0032,1.20E-09,253288,NA,NA,SD (m),Height || id:89,reported,mrbase,TRUE,89,rs6047319,A,G,0.658,-0.019,0.0032,1.20E-09,253288,NA,NA,SD (m),Height || id:89,reported,mrbase,TRUE
8493,89,rs605372,T,C,0.967,0.052,0.0091,1.20E-08,253288,NA,NA,SD (m),Height || id:89,reported,mrbase,TRUE,89,rs605372,T,C,0.967,0.052,0.0091,1.20E-08,253288,NA,NA,SD (m),Height || id:89,reported,mrbase,TRUE
8494,89,rs606452,A,C,0.158,0.043,0.0043,1.90E-23,253288,NA,NA,SD (m),Height || id:89,reported,mrbase,TRUE,89,rs606452,A,C,0.158,0.043,0.0043,1.90E-23,253288,NA,NA,SD (m),Height || id:89,reported,mrbase,TRUE
8495,89,rs6085662,C,G,0.336,0.02,0.0032,3.00E-10,253288,NA,NA,SD (m),Height || id:89,reported,mrbase,TRUE,89,rs6085662,C,G,0.336,0.02,0.0032,3.00E-10,253288,NA,NA,SD (m),Height || id:89,reported,mrbase,TRUE
8496,89,rs625735,A,G,0.342,0.023,0.003,7.20E-15,253288,NA,NA,SD (m),Height || id:89,reported,mrbase,TRUE,89,rs625735,A,G,0.342,0.023,0.003,7.20E-15,253288,NA,NA,SD (m),Height || id:89,reported,mrbase,TRUE
8497,89,rs6435143,A,C,0.442,0.019,0.003,1.50E-10,253288,NA,NA,SD (m),Height || id:89,reported,mrbase,TRUE,89,rs6435143,A,C,0.442,0.019,0.003,1.50E-10,253288,NA,NA,SD (m),Height || id:89,reported,mrbase,TRUE
8498,89,rs6439168,A,G,0.183,-0.037,0.0036,7.70E-25,253288,NA,NA,SD (m),Height || id:89,reported,mrbase,TRUE,89,rs6439168,A,G,0.183,-0.037,0.0036,7.70E-25,253288,NA,NA,SD (m),Height || id:89,reported,mrbase,TRUE
8499,89,rs6441170,T,C,0.638,-0.022,0.003,9.70E-13,253288,NA,NA,SD (m),Height || id:89,reported,mrbase,TRUE,89,rs6441170,T,C,0.638,-0.022,0.003,9.70E-13,253288,NA,NA,SD (m),Height || id:89,reported,mrbase,TRUE
8500,89,rs648831,T,C,0.492,0.031,0.003,2.60E-26,253288,NA,NA,SD (m),Height || id:89,reported,mrbase,TRUE,89,rs648831,T,C,0.492,0.031,0.003,2.60E-26,253288,NA,NA,SD (m),Height || id:89,reported,mrbase,TRUE
8501,89,rs6544650,A,G,0.583,-0.018,0.003,4.20E-09,253288,NA,NA,SD (m),Height || id:89,reported,mrbase,TRUE,89,rs6544650,A,G,0.583,-0.018,0.003,4.20E-09,253288,NA,NA,SD (m),Height || id:89,reported,mrbase,TRUE
8502,89,rs6556312,T,G,0.15,0.031,0.0042,1.10E-13,253288,NA,NA,SD (m),Height || id:89,reported,mrbase,TRUE,89,rs6556312,T,G,0.15,0.031,0.0042,1.10E-13,253288,NA,NA,SD (m),Height || id:89,reported,mrbase,TRUE
8503,89,rs6584575,A,G,0.08,0.034,0.0052,9.50E-11,253288,NA,NA,SD (m),Height || id:89,reported,mrbase,TRUE,89,rs6584575,A,G,0.08,0.034,0.0052,9.50E-11,253288,NA,NA,SD (m),Height || id:89,reported,mrbase,TRUE
8504,89,rs6600365,T,C,0.6,-0.027,0.0029,1.70E-20,253288,NA,NA,SD (m),Height || id:89,reported,mrbase,TRUE,89,rs6600365,T,C,0.6,-0.027,0.0029,1.70E-20,253288,NA,NA,SD (m),Height || id:89,reported,mrbase,TRUE
8505,89,rs6601882,T,C,0.72,0.023,0.0038,6.40E-10,253288,NA,NA,SD (m),Height || id:89,reported,mrbase,TRUE,89,rs6601882,T,C,0.72,0.023,0.0038,6.40E-10,253288,NA,NA,SD (m),Height || id:89,reported,mrbase,TRUE
8506,89,rs6658835,A,G,0.767,-0.022,0.0034,3.60E-10,253288,NA,NA,SD (m),Height || id:89,reported,mrbase,TRUE,89,rs6658835,A,G,0.767,-0.022,0.0034,3.60E-10,253288,NA,NA,SD (m),Height || id:89,reported,mrbase,TRUE
8507,89,rs6684205,A,G,0.814,-0.034,0.0032,1.50E-26,253288,NA,NA,SD (m),Height || id:89,reported,mrbase,TRUE,89,rs6684205,A,G,0.814,-0.034,0.0032,1.50E-26,253288,NA,NA,SD (m),Height || id:89,reported,mrbase,TRUE
8508,89,rs6691924,T,C,0.85,0.032,0.005,2.40E-10,253288,NA,NA,SD (m),Height || id:89,reported,mrbase,TRUE,89,rs6691924,T,C,0.85,0.032,0.005,2.40E-10,253288,NA,NA,SD (m),Height || id:89,reported,mrbase,TRUE
8509,89,rs6713865,A,G,0.817,0.031,0.004,5.30E-15,253288,NA,NA,SD (m),Height || id:89,reported,mrbase,TRUE,89,rs6713865,A,G,0.817,0.031,0.004,5.30E-15,253288,NA,NA,SD (m),Height || id:89,reported,mrbase,TRUE
8510,89,rs6739772,A,G,0.233,-0.02,0.0032,1.40E-09,253288,NA,NA,SD (m),Height || id:89,reported,mrbase,TRUE,89,rs6739772,A,G,0.233,-0.02,0.0032,1.40E-09,253288,NA,NA,SD (m),Height || id:89,reported,mrbase,TRUE
8511,89,rs6813055,A,T,0.5,0.017,0.0029,1.50E-08,253288,NA,NA,SD (m),Height || id:89,reported,mrbase,TRUE,89,rs6813055,A,T,0.5,0.017,0.0029,1.50E-08,253288,NA,NA,SD (m),Height || id:89,reported,mrbase,TRUE
8512,89,rs6838153,A,G,0.667,-0.022,0.0031,2.60E-12,253288,NA,NA,SD (m),Height || id:89,reported,mrbase,TRUE,89,rs6838153,A,G,0.667,-0.022,0.0031,2.60E-12,253288,NA,NA,SD (m),Height || id:89,reported,mrbase,TRUE
8513,89,rs6869670,T,C,0.892,-0.024,0.0041,4.50E-09,253288,NA,NA,SD (m),Height || id:89,reported,mrbase,TRUE,89,rs6869670,T,C,0.892,-0.024,0.0041,4.50E-09,253288,NA,NA,SD (m),Height || id:89,reported,mrbase,TRUE
8514,89,rs6903732,A,C,0.576,0.017,0.003,2.10E-08,253288,NA,NA,SD (m),Height || id:89,reported,mrbase,TRUE,89,rs6903732,A,C,0.576,0.017,0.003,2.10E-08,253288,NA,NA,SD (m),Height || id:89,reported,mrbase,TRUE
8515,89,rs6919321,A,G,0.625,0.021,0.003,4.70E-12,253288,NA,NA,SD (m),Height || id:89,reported,mrbase,TRUE,89,rs6919321,A,G,0.625,0.021,0.003,4.70E-12,253288,NA,NA,SD (m),Height || id:89,reported,mrbase,TRUE
8516,89,rs6920372,A,G,0.364,-0.025,0.0029,1.70E-17,253288,NA,NA,SD (m),Height || id:89,reported,mrbase,TRUE,89,rs6920372,A,G,0.364,-0.025,0.0029,1.70E-17,253288,NA,NA,SD (m),Height || id:89,reported,mrbase,TRUE
8517,89,rs6952113,A,G,0.375,-0.018,0.003,1.20E-09,253288,NA,NA,SD (m),Height || id:89,reported,mrbase,TRUE,89,rs6952113,A,G,0.375,-0.018,0.003,1.20E-09,253288,NA,NA,SD (m),Height || id:89,reported,mrbase,TRUE
8518,89,rs6962887,T,G,0.655,0.023,0.0034,6.10E-11,253288,NA,NA,SD (m),Height || id:89,reported,mrbase,TRUE,89,rs6962887,T,G,0.655,0.023,0.0034,6.10E-11,253288,NA,NA,SD (m),Height || id:89,reported,mrbase,TRUE
8519,89,rs6974574,A,T,0.255,-0.03,0.0034,9.90E-19,253288,NA,NA,SD (m),Height || id:89,reported,mrbase,TRUE,89,rs6974574,A,T,0.255,-0.03,0.0034,9.90E-19,253288,NA,NA,SD (m),Height || id:89,reported,mrbase,TRUE
8520,89,rs6999216,A,T,0.783,-0.02,0.0036,4.70E-08,253288,NA,NA,SD (m),Height || id:89,reported,mrbase,TRUE,89,rs6999216,A,T,0.783,-0.02,0.0036,4.70E-08,253288,NA,NA,SD (m),Height || id:89,reported,mrbase,TRUE
8521,89,rs7000226,C,G,0.29,0.023,0.0034,3.80E-11,253288,NA,NA,SD (m),Height || id:89,reported,mrbase,TRUE,89,rs7000226,C,G,0.29,0.023,0.0034,3.80E-11,253288,NA,NA,SD (m),Height || id:89,reported,mrbase,TRUE
8522,89,rs7033487,T,C,0.775,0.037,0.0036,1.10E-24,253288,NA,NA,SD (m),Height || id:89,reported,mrbase,TRUE,89,rs7033487,T,C,0.775,0.037,0.0036,1.10E-24,253288,NA,NA,SD (m),Height || id:89,reported,mrbase,TRUE
8523,89,rs7033940,C,G,0.142,-0.024,0.0044,4.70E-08,253288,NA,NA,SD (m),Height || id:89,reported,mrbase,TRUE,89,rs7033940,C,G,0.142,-0.024,0.0044,4.70E-08,253288,NA,NA,SD (m),Height || id:89,reported,mrbase,TRUE
8524,89,rs7043114,T,C,0.517,-0.029,0.0029,1.80E-22,253288,NA,NA,SD (m),Height || id:89,reported,mrbase,TRUE,89,rs7043114,T,C,0.517,-0.029,0.0029,1.80E-22,253288,NA,NA,SD (m),Height || id:89,reported,mrbase,TRUE
8525,89,rs7069985,A,G,0.808,-0.023,0.0034,1.60E-11,253288,NA,NA,SD (m),Height || id:89,reported,mrbase,TRUE,89,rs7069985,A,G,0.808,-0.023,0.0034,1.60E-11,253288,NA,NA,SD (m),Height || id:89,reported,mrbase,TRUE
8526,89,rs713140,A,G,0.683,0.018,0.003,4.70E-09,253288,NA,NA,SD (m),Height || id:89,reported,mrbase,TRUE,89,rs713140,A,G,0.683,0.018,0.003,4.70E-09,253288,NA,NA,SD (m),Height || id:89,reported,mrbase,TRUE
8527,89,rs7155279,T,G,0.342,-0.028,0.0031,4.20E-20,253288,NA,NA,SD (m),Height || id:89,reported,mrbase,TRUE,89,rs7155279,T,G,0.342,-0.028,0.0031,4.20E-20,253288,NA,NA,SD (m),Height || id:89,reported,mrbase,TRUE
8528,89,rs7162542,C,G,0.492,-0.046,0.0029,8.20E-55,253288,NA,NA,SD (m),Height || id:89,reported,mrbase,TRUE,89,rs7162542,C,G,0.492,-0.046,0.0029,8.20E-55,253288,NA,NA,SD (m),Height || id:89,reported,mrbase,TRUE
8529,89,rs7162825,T,C,0.517,0.016,0.0029,3.60E-08,253288,NA,NA,SD (m),Height || id:89,reported,mrbase,TRUE,89,rs7162825,T,C,0.517,0.016,0.0029,3.60E-08,253288,NA,NA,SD (m),Height || id:89,reported,mrbase,TRUE
8530,89,rs717052,A,G,0.133,-0.025,0.0044,6.40E-09,253288,NA,NA,SD (m),Height || id:89,reported,mrbase,TRUE,89,rs717052,A,G,0.133,-0.025,0.0044,6.40E-09,253288,NA,NA,SD (m),Height || id:89,reported,mrbase,TRUE
8531,89,rs7178424,T,C,0.483,-0.021,0.003,5.00E-13,253288,NA,NA,SD (m),Height || id:89,reported,mrbase,TRUE,89,rs7178424,T,C,0.483,-0.021,0.003,5.00E-13,253288,NA,NA,SD (m),Height || id:89,reported,mrbase,TRUE
8532,89,rs720390,A,G,0.383,0.035,0.0031,1.20E-29,253288,NA,NA,SD (m),Height || id:89,reported,mrbase,TRUE,89,rs720390,A,G,0.383,0.035,0.0031,1.20E-29,253288,NA,NA,SD (m),Height || id:89,reported,mrbase,TRUE
8533,89,rs7220557,T,C,0.867,-0.024,0.0042,1.30E-08,253288,NA,NA,SD (m),Height || id:89,reported,mrbase,TRUE,89,rs7220557,T,C,0.867,-0.024,0.0042,1.30E-08,253288,NA,NA,SD (m),Height || id:89,reported,mrbase,TRUE
8534,89,rs723149,A,G,0.467,0.021,0.0032,5.10E-11,253288,NA,NA,SD (m),Height || id:89,reported,mrbase,TRUE,89,rs723149,A,G,0.467,0.021,0.0032,5.10E-11,253288,NA,NA,SD (m),Height || id:89,reported,mrbase,TRUE
8535,89,rs724016,A,G,0.517,-0.078,0.0029,3.20E-158,253288,NA,NA,SD (m),Height || id:89,reported,mrbase,TRUE,89,rs724016,A,G,0.517,-0.078,0.0029,3.20E-158,253288,NA,NA,SD (m),Height || id:89,reported,mrbase,TRUE
8536,89,rs7261425,C,G,0.695,0.021,0.0034,1.80E-10,253288,NA,NA,SD (m),Height || id:89,reported,mrbase,TRUE,89,rs7261425,C,G,0.695,0.021,0.0034,1.80E-10,253288,NA,NA,SD (m),Height || id:89,reported,mrbase,TRUE
8537,89,rs7273787,A,G,0.667,-0.022,0.0031,2.80E-12,253288,NA,NA,SD (m),Height || id:89,reported,mrbase,TRUE,89,rs7273787,A,G,0.667,-0.022,0.0031,2.80E-12,253288,NA,NA,SD (m),Height || id:89,reported,mrbase,TRUE
8538,89,rs7274811,T,G,0.2,-0.045,0.0035,5.50E-38,253288,NA,NA,SD (m),Height || id:89,reported,mrbase,TRUE,89,rs7274811,T,G,0.2,-0.045,0.0035,5.50E-38,253288,NA,NA,SD (m),Height || id:89,reported,mrbase,TRUE
8539,89,rs7319045,A,G,0.39,0.024,0.003,8.40E-15,253288,NA,NA,SD (m),Height || id:89,reported,mrbase,TRUE,89,rs7319045,A,G,0.39,0.024,0.003,8.40E-15,253288,NA,NA,SD (m),Height || id:89,reported,mrbase,TRUE
8540,89,rs7319446,A,G,0.258,-0.023,0.0035,3.40E-11,253288,NA,NA,SD (m),Height || id:89,reported,mrbase,TRUE,89,rs7319446,A,G,0.258,-0.023,0.0035,3.40E-11,253288,NA,NA,SD (m),Height || id:89,reported,mrbase,TRUE
8541,89,rs7341084,T,C,0.783,0.027,0.0034,4.40E-15,253288,NA,NA,SD (m),Height || id:89,reported,mrbase,TRUE,89,rs7341084,T,C,0.783,0.027,0.0034,4.40E-15,253288,NA,NA,SD (m),Height || id:89,reported,mrbase,TRUE
8542,89,rs745749,A,G,0.692,0.023,0.0033,4.30E-12,253288,NA,NA,SD (m),Height || id:89,reported,mrbase,TRUE,89,rs745749,A,G,0.692,0.023,0.0033,4.30E-12,253288,NA,NA,SD (m),Height || id:89,reported,mrbase,TRUE
8543,89,rs7466269,A,G,0.667,0.033,0.0031,1.00E-27,253288,NA,NA,SD (m),Height || id:89,reported,mrbase,TRUE,89,rs7466269,A,G,0.667,0.033,0.0031,1.00E-27,253288,NA,NA,SD (m),Height || id:89,reported,mrbase,TRUE
8544,89,rs7517682,A,G,0.585,-0.023,0.003,3.60E-14,253288,NA,NA,SD (m),Height || id:89,reported,mrbase,TRUE,89,rs7517682,A,G,0.585,-0.023,0.003,3.60E-14,253288,NA,NA,SD (m),Height || id:89,reported,mrbase,TRUE
8545,89,rs7536458,T,G,0.667,0.043,0.0034,1.80E-36,253288,NA,NA,SD (m),Height || id:89,reported,mrbase,TRUE,89,rs7536458,T,G,0.667,0.043,0.0034,1.80E-36,253288,NA,NA,SD (m),Height || id:89,reported,mrbase,TRUE
8546,89,rs7542242,T,C,0.317,-0.018,0.0033,3.80E-08,253288,NA,NA,SD (m),Height || id:89,reported,mrbase,TRUE,89,rs7542242,T,C,0.317,-0.018,0.0033,3.80E-08,253288,NA,NA,SD (m),Height || id:89,reported,mrbase,TRUE
8547,89,rs7551732,A,T,0.623,0.027,0.003,6.30E-20,253288,NA,NA,SD (m),Height || id:89,reported,mrbase,TRUE,89,rs7551732,A,T,0.623,0.027,0.003,6.30E-20,253288,NA,NA,SD (m),Height || id:89,reported,mrbase,TRUE
8548,89,rs7567288,T,C,0.81,-0.029,0.0038,3.00E-14,253288,NA,NA,SD (m),Height || id:89,reported,mrbase,TRUE,89,rs7567288,T,C,0.81,-0.029,0.0038,3.00E-14,253288,NA,NA,SD (m),Height || id:89,reported,mrbase,TRUE
8549,89,rs7578605,A,G,0.958,-0.045,0.0063,1.10E-12,253288,NA,NA,SD (m),Height || id:89,reported,mrbase,TRUE,89,rs7578605,A,G,0.958,-0.045,0.0063,1.10E-12,253288,NA,NA,SD (m),Height || id:89,reported,mrbase,TRUE
8550,89,rs7586126,A,G,0.9,0.036,0.0053,1.00E-11,253288,NA,NA,SD (m),Height || id:89,reported,mrbase,TRUE,89,rs7586126,A,G,0.9,0.036,0.0053,1.00E-11,253288,NA,NA,SD (m),Height || id:89,reported,mrbase,TRUE
8551,89,rs7590738,A,G,0.675,-0.022,0.003,1.10E-13,253288,NA,NA,SD (m),Height || id:89,reported,mrbase,TRUE,89,rs7590738,A,G,0.675,-0.022,0.003,1.10E-13,253288,NA,NA,SD (m),Height || id:89,reported,mrbase,TRUE
8552,89,rs7652177,C,G,0.475,-0.038,0.0029,2.70E-39,253288,NA,NA,SD (m),Height || id:89,reported,mrbase,TRUE,89,rs7652177,C,G,0.475,-0.038,0.0029,2.70E-39,253288,NA,NA,SD (m),Height || id:89,reported,mrbase,TRUE
8553,89,rs7701414,A,G,0.517,-0.037,0.003,1.30E-34,253288,NA,NA,SD (m),Height || id:89,reported,mrbase,TRUE,89,rs7701414,A,G,0.517,-0.037,0.003,1.30E-34,253288,NA,NA,SD (m),Height || id:89,reported,mrbase,TRUE
8554,89,rs7733222,T,C,0.552,-0.018,0.003,1.20E-09,253288,NA,NA,SD (m),Height || id:89,reported,mrbase,TRUE,89,rs7733222,T,C,0.552,-0.018,0.003,1.20E-09,253288,NA,NA,SD (m),Height || id:89,reported,mrbase,TRUE
8555,89,rs7751325,T,C,0.456,0.017,0.003,3.10E-08,253288,NA,NA,SD (m),Height || id:89,reported,mrbase,TRUE,89,rs7751325,T,C,0.456,0.017,0.003,3.10E-08,253288,NA,NA,SD (m),Height || id:89,reported,mrbase,TRUE
8556,89,rs7759938,T,C,0.636,-0.044,0.0032,2.60E-43,253288,NA,NA,SD (m),Height || id:89,reported,mrbase,TRUE,89,rs7759938,T,C,0.636,-0.044,0.0032,2.60E-43,253288,NA,NA,SD (m),Height || id:89,reported,mrbase,TRUE
8557,89,rs7849585,T,G,0.317,0.036,0.0032,1.10E-29,253288,NA,NA,SD (m),Height || id:89,reported,mrbase,TRUE,89,rs7849585,T,G,0.317,0.036,0.0032,1.10E-29,253288,NA,NA,SD (m),Height || id:89,reported,mrbase,TRUE
8558,89,rs7870253,A,T,0.233,0.042,0.0035,3.30E-33,253288,NA,NA,SD (m),Height || id:89,reported,mrbase,TRUE,89,rs7870253,A,T,0.233,0.042,0.0035,3.30E-33,253288,NA,NA,SD (m),Height || id:89,reported,mrbase,TRUE
8559,89,rs7899004,T,C,0.558,0.025,0.0029,7.00E-17,253288,NA,NA,SD (m),Height || id:89,reported,mrbase,TRUE,89,rs7899004,T,C,0.558,0.025,0.0029,7.00E-17,253288,NA,NA,SD (m),Height || id:89,reported,mrbase,TRUE
8560,89,rs7926352,T,C,0.275,0.02,0.0035,3.10E-08,253288,NA,NA,SD (m),Height || id:89,reported,mrbase,TRUE,89,rs7926352,T,C,0.275,0.02,0.0035,3.10E-08,253288,NA,NA,SD (m),Height || id:89,reported,mrbase,TRUE
8561,89,rs7935997,A,G,0.557,-0.024,0.0031,6.00E-15,253288,NA,NA,SD (m),Height || id:89,reported,mrbase,TRUE,89,rs7935997,A,G,0.557,-0.024,0.0031,6.00E-15,253288,NA,NA,SD (m),Height || id:89,reported,mrbase,TRUE
8562,89,rs7941132,T,G,0.958,-0.042,0.0059,1.30E-12,253288,NA,NA,SD (m),Height || id:89,reported,mrbase,TRUE,89,rs7941132,T,G,0.958,-0.042,0.0059,1.30E-12,253288,NA,NA,SD (m),Height || id:89,reported,mrbase,TRUE
8563,89,rs7970350,T,C,0.482,-0.059,0.0029,5.90E-88,253288,NA,NA,SD (m),Height || id:89,reported,mrbase,TRUE,89,rs7970350,T,C,0.482,-0.059,0.0029,5.90E-88,253288,NA,NA,SD (m),Height || id:89,reported,mrbase,TRUE
8564,89,rs7971536,A,T,0.525,-0.029,0.0032,1.50E-19,253288,NA,NA,SD (m),Height || id:89,reported,mrbase,TRUE,89,rs7971536,A,T,0.525,-0.029,0.0032,1.50E-19,253288,NA,NA,SD (m),Height || id:89,reported,mrbase,TRUE
8565,89,rs7980687,A,G,0.183,0.039,0.0037,1.00E-26,253288,NA,NA,SD (m),Height || id:89,reported,mrbase,TRUE,89,rs7980687,A,G,0.183,0.039,0.0037,1.00E-26,253288,NA,NA,SD (m),Height || id:89,reported,mrbase,TRUE
8566,89,rs798497,A,G,0.712,0.057,0.0032,2.20E-71,253288,NA,NA,SD (m),Height || id:89,reported,mrbase,TRUE,89,rs798497,A,G,0.712,0.057,0.0032,2.20E-71,253288,NA,NA,SD (m),Height || id:89,reported,mrbase,TRUE
8567,89,rs8017130,A,G,0.358,-0.023,0.0034,1.00E-11,253288,NA,NA,SD (m),Height || id:89,reported,mrbase,TRUE,89,rs8017130,A,G,0.358,-0.023,0.0034,1.00E-11,253288,NA,NA,SD (m),Height || id:89,reported,mrbase,TRUE
8568,89,rs8052560,A,C,0.783,0.036,0.0044,3.80E-16,253288,NA,NA,SD (m),Height || id:89,reported,mrbase,TRUE,89,rs8052560,A,C,0.783,0.036,0.0044,3.80E-16,253288,NA,NA,SD (m),Height || id:89,reported,mrbase,TRUE
8569,89,rs8058684,A,G,0.308,0.021,0.0032,1.20E-10,253288,NA,NA,SD (m),Height || id:89,reported,mrbase,TRUE,89,rs8058684,A,G,0.308,0.021,0.0032,1.20E-10,253288,NA,NA,SD (m),Height || id:89,reported,mrbase,TRUE
8570,89,rs806100,T,C,0.433,0.018,0.003,5.40E-10,253288,NA,NA,SD (m),Height || id:89,reported,mrbase,TRUE,89,rs806100,T,C,0.433,0.018,0.003,5.40E-10,253288,NA,NA,SD (m),Height || id:89,reported,mrbase,TRUE
8571,89,rs8067165,C,G,0.482,-0.023,0.0033,7.30E-12,253288,NA,NA,SD (m),Height || id:89,reported,mrbase,TRUE,89,rs8067165,C,G,0.482,-0.023,0.0033,7.30E-12,253288,NA,NA,SD (m),Height || id:89,reported,mrbase,TRUE
8572,89,rs806794,A,G,0.724,0.06,0.0033,4.60E-74,253288,NA,NA,SD (m),Height || id:89,reported,mrbase,TRUE,89,rs806794,A,G,0.724,0.06,0.0033,4.60E-74,253288,NA,NA,SD (m),Height || id:89,reported,mrbase,TRUE
8573,89,rs8090312,A,G,0.75,0.024,0.0034,3.30E-13,253288,NA,NA,SD (m),Height || id:89,reported,mrbase,TRUE,89,rs8090312,A,G,0.75,0.024,0.0034,3.30E-13,253288,NA,NA,SD (m),Height || id:89,reported,mrbase,TRUE
8574,89,rs8097893,A,G,0.933,0.042,0.0068,4.60E-10,253288,NA,NA,SD (m),Height || id:89,reported,mrbase,TRUE,89,rs8097893,A,G,0.933,0.042,0.0068,4.60E-10,253288,NA,NA,SD (m),Height || id:89,reported,mrbase,TRUE
8575,89,rs8103992,A,C,0.22,0.029,0.0037,1.20E-14,253288,NA,NA,SD (m),Height || id:89,reported,mrbase,TRUE,89,rs8103992,A,C,0.22,0.029,0.0037,1.20E-14,253288,NA,NA,SD (m),Height || id:89,reported,mrbase,TRUE
8576,89,rs817300,A,G,0.035,-0.085,0.0069,4.30E-34,253288,NA,NA,SD (m),Height || id:89,reported,mrbase,TRUE,89,rs817300,A,G,0.035,-0.085,0.0069,4.30E-34,253288,NA,NA,SD (m),Height || id:89,reported,mrbase,TRUE
8577,89,rs822553,A,G,0.233,0.03,0.0039,2.20E-14,253288,NA,NA,SD (m),Height || id:89,reported,mrbase,TRUE,89,rs822553,A,G,0.233,0.03,0.0039,2.20E-14,253288,NA,NA,SD (m),Height || id:89,reported,mrbase,TRUE
8578,89,rs8413,T,C,0.475,-0.023,0.003,2.60E-14,253288,NA,NA,SD (m),Height || id:89,reported,mrbase,TRUE,89,rs8413,T,C,0.475,-0.023,0.003,2.60E-14,253288,NA,NA,SD (m),Height || id:89,reported,mrbase,TRUE
8579,89,rs862034,A,G,0.49,-0.028,0.003,6.40E-20,253288,NA,NA,SD (m),Height || id:89,reported,mrbase,TRUE,89,rs862034,A,G,0.49,-0.028,0.003,6.40E-20,253288,NA,NA,SD (m),Height || id:89,reported,mrbase,TRUE
8580,89,rs888403,A,G,0.633,-0.019,0.0033,9.30E-09,253288,NA,NA,SD (m),Height || id:89,reported,mrbase,TRUE,89,rs888403,A,G,0.633,-0.019,0.0033,9.30E-09,253288,NA,NA,SD (m),Height || id:89,reported,mrbase,TRUE
8581,89,rs897080,T,C,0.746,-0.028,0.0034,1.60E-16,253288,NA,NA,SD (m),Height || id:89,reported,mrbase,TRUE,89,rs897080,T,C,0.746,-0.028,0.0034,1.60E-16,253288,NA,NA,SD (m),Height || id:89,reported,mrbase,TRUE
8582,89,rs913000,T,C,0.342,0.024,0.0033,5.50E-13,253288,NA,NA,SD (m),Height || id:89,reported,mrbase,TRUE,89,rs913000,T,C,0.342,0.024,0.0033,5.50E-13,253288,NA,NA,SD (m),Height || id:89,reported,mrbase,TRUE
8583,89,rs9217,T,C,0.608,-0.028,0.003,4.60E-20,253288,NA,NA,SD (m),Height || id:89,reported,mrbase,TRUE,89,rs9217,T,C,0.608,-0.028,0.003,4.60E-20,253288,NA,NA,SD (m),Height || id:89,reported,mrbase,TRUE
8584,89,rs927381,T,C,0.593,0.022,0.003,4.10E-13,253288,NA,NA,SD (m),Height || id:89,reported,mrbase,TRUE,89,rs927381,T,C,0.593,0.022,0.003,4.10E-13,253288,NA,NA,SD (m),Height || id:89,reported,mrbase,TRUE
8585,89,rs9291926,T,G,0.483,0.019,0.0031,3.40E-10,253288,NA,NA,SD (m),Height || id:89,reported,mrbase,TRUE,89,rs9291926,T,G,0.483,0.019,0.0031,3.40E-10,253288,NA,NA,SD (m),Height || id:89,reported,mrbase,TRUE
8586,89,rs9292468,T,C,0.475,0.036,0.003,1.50E-33,253288,NA,NA,SD (m),Height || id:89,reported,mrbase,TRUE,89,rs9292468,T,C,0.475,0.036,0.003,1.50E-33,253288,NA,NA,SD (m),Height || id:89,reported,mrbase,TRUE
8587,89,rs9359128,T,C,0.136,0.044,0.0045,5.90E-22,253288,NA,NA,SD (m),Height || id:89,reported,mrbase,TRUE,89,rs9359128,T,C,0.136,0.044,0.0045,5.90E-22,253288,NA,NA,SD (m),Height || id:89,reported,mrbase,TRUE
8588,89,rs9389986,A,T,0.254,-0.052,0.0033,1.90E-56,253288,NA,NA,SD (m),Height || id:89,reported,mrbase,TRUE,89,rs9389986,A,T,0.254,-0.052,0.0033,1.90E-56,253288,NA,NA,SD (m),Height || id:89,reported,mrbase,TRUE
8589,89,rs9429088,A,T,0.394,-0.019,0.0029,1.10E-10,253288,NA,NA,SD (m),Height || id:89,reported,mrbase,TRUE,89,rs9429088,A,T,0.394,-0.019,0.0029,1.10E-10,253288,NA,NA,SD (m),Height || id:89,reported,mrbase,TRUE
8590,89,rs9479130,A,C,0.592,-0.031,0.003,5.10E-25,253288,NA,NA,SD (m),Height || id:89,reported,mrbase,TRUE,89,rs9479130,A,C,0.592,-0.031,0.003,5.10E-25,253288,NA,NA,SD (m),Height || id:89,reported,mrbase,TRUE
8591,89,rs955748,A,G,0.319,-0.028,0.0034,3.10E-16,253288,NA,NA,SD (m),Height || id:89,reported,mrbase,TRUE,89,rs955748,A,G,0.319,-0.028,0.0034,3.10E-16,253288,NA,NA,SD (m),Height || id:89,reported,mrbase,TRUE
8592,89,rs9568328,A,T,0.99,-0.051,0.0063,3.70E-16,253288,NA,NA,SD (m),Height || id:89,reported,mrbase,TRUE,89,rs9568328,A,T,0.99,-0.051,0.0063,3.70E-16,253288,NA,NA,SD (m),Height || id:89,reported,mrbase,TRUE
8593,89,rs958225,A,T,0.058,0.046,0.0079,6.80E-09,253288,NA,NA,SD (m),Height || id:89,reported,mrbase,TRUE,89,rs958225,A,T,0.058,0.046,0.0079,6.80E-09,253288,NA,NA,SD (m),Height || id:89,reported,mrbase,TRUE
8594,89,rs960006,T,C,0.474,-0.02,0.0033,1.00E-09,253288,NA,NA,SD (m),Height || id:89,reported,mrbase,TRUE,89,rs960006,T,C,0.474,-0.02,0.0033,1.00E-09,253288,NA,NA,SD (m),Height || id:89,reported,mrbase,TRUE
8595,89,rs9600340,A,G,0.458,-0.019,0.003,1.80E-10,253288,NA,NA,SD (m),Height || id:89,reported,mrbase,TRUE,89,rs9600340,A,G,0.458,-0.019,0.003,1.80E-10,253288,NA,NA,SD (m),Height || id:89,reported,mrbase,TRUE
8596,89,rs9650315,T,G,0.125,-0.061,0.0045,1.50E-41,253288,NA,NA,SD (m),Height || id:89,reported,mrbase,TRUE,89,rs9650315,T,G,0.125,-0.061,0.0045,1.50E-41,253288,NA,NA,SD (m),Height || id:89,reported,mrbase,TRUE
8597,89,rs9782976,T,C,0.125,-0.028,0.005,1.90E-08,253288,NA,NA,SD (m),Height || id:89,reported,mrbase,TRUE,89,rs9782976,T,C,0.125,-0.028,0.005,1.90E-08,253288,NA,NA,SD (m),Height || id:89,reported,mrbase,TRUE
8598,89,rs9816693,C,G,0.155,0.031,0.004,3.20E-15,253288,NA,NA,SD (m),Height || id:89,reported,mrbase,TRUE,89,rs9816693,C,G,0.155,0.031,0.004,3.20E-15,253288,NA,NA,SD (m),Height || id:89,reported,mrbase,TRUE
8599,89,rs981938,A,G,0.658,0.026,0.0031,1.30E-17,253288,NA,NA,SD (m),Height || id:89,reported,mrbase,TRUE,89,rs981938,A,G,0.658,0.026,0.0031,1.30E-17,253288,NA,NA,SD (m),Height || id:89,reported,mrbase,TRUE
8600,89,rs9825936,T,C,0.28,0.019,0.0034,1.20E-08,253288,NA,NA,SD (m),Height || id:89,reported,mrbase,TRUE,89,rs9825936,T,C,0.28,0.019,0.0034,1.20E-08,253288,NA,NA,SD (m),Height || id:89,reported,mrbase,TRUE
8601,89,rs9825951,A,T,0.6,-0.022,0.0031,2.60E-12,253288,NA,NA,SD (m),Height || id:89,reported,mrbase,TRUE,89,rs9825951,A,T,0.6,-0.022,0.0031,2.60E-12,253288,NA,NA,SD (m),Height || id:89,reported,mrbase,TRUE
8602,89,rs9834893,C,G,0.933,-0.038,0.0058,6.60E-11,253288,NA,NA,SD (m),Height || id:89,reported,mrbase,TRUE,89,rs9834893,C,G,0.933,-0.038,0.0058,6.60E-11,253288,NA,NA,SD (m),Height || id:89,reported,mrbase,TRUE
8603,89,rs9835332,C,G,0.458,-0.028,0.0029,4.40E-22,253288,NA,NA,SD (m),Height || id:89,reported,mrbase,TRUE,89,rs9835332,C,G,0.458,-0.028,0.0029,4.40E-22,253288,NA,NA,SD (m),Height || id:89,reported,mrbase,TRUE
8604,89,rs9893629,T,C,0.683,0.02,0.0036,1.00E-08,253288,NA,NA,SD (m),Height || id:89,reported,mrbase,TRUE,89,rs9893629,T,C,0.683,0.02,0.0036,1.00E-08,253288,NA,NA,SD (m),Height || id:89,reported,mrbase,TRUE
8605,89,rs989393,T,C,0.7,0.022,0.0032,3.30E-11,253288,NA,NA,SD (m),Height || id:89,reported,mrbase,TRUE,89,rs989393,T,C,0.7,0.022,0.0032,3.30E-11,253288,NA,NA,SD (m),Height || id:89,reported,mrbase,TRUE
8606,89,rs991946,T,C,0.5,-0.021,0.0029,8.40E-13,253288,NA,NA,SD (m),Height || id:89,reported,mrbase,TRUE,89,rs991946,T,C,0.5,-0.021,0.0029,8.40E-13,253288,NA,NA,SD (m),Height || id:89,reported,mrbase,TRUE
8607,89,rs9920547,A,G,0.292,-0.031,0.0034,4.20E-20,253288,NA,NA,SD (m),Height || id:89,reported,mrbase,TRUE,89,rs9920547,A,G,0.292,-0.031,0.0034,4.20E-20,253288,NA,NA,SD (m),Height || id:89,reported,mrbase,TRUE
8608,89,rs9967417,C,G,0.583,-0.04,0.003,2.20E-40,253288,NA,NA,SD (m),Height || id:89,reported,mrbase,TRUE,89,rs9967417,C,G,0.583,-0.04,0.003,2.20E-40,253288,NA,NA,SD (m),Height || id:89,reported,mrbase,TRUE
8609,89,rs997400,T,C,0.475,-0.026,0.0029,1.00E-18,253288,NA,NA,SD (m),Height || id:89,reported,mrbase,TRUE,89,rs997400,T,C,0.475,-0.026,0.0029,1.00E-18,253288,NA,NA,SD (m),Height || id:89,reported,mrbase,TRUE
8610,89,rs9977276,T,G,0.25,-0.022,0.0035,2.90E-10,253288,NA,NA,SD (m),Height || id:89,reported,mrbase,TRUE,89,rs9977276,T,G,0.25,-0.022,0.0035,2.90E-10,253288,NA,NA,SD (m),Height || id:89,reported,mrbase,TRUE
8611,89,rs9993613,T,G,0.509,0.03,0.0029,4.50E-24,253288,NA,NA,SD (m),Height || id:89,reported,mrbase,TRUE,89,rs9993613,T,G,0.509,0.03,0.0029,4.50E-24,253288,NA,NA,SD (m),Height || id:89,reported,mrbase,TRUE
8612,89,rs999474,A,G,0.457,0.022,0.003,1.10E-13,253288,NA,NA,SD (m),Height || id:89,reported,mrbase,TRUE,89,rs999474,A,G,0.457,0.022,0.003,1.10E-13,253288,NA,NA,SD (m),Height || id:89,reported,mrbase,TRUE
